"Date","Temperature(°C) Above Grand Coulee Dam","Temperature(°C) Below Grand Coulee Dam","","Temperature Difference Across Dam"
"Tue 1 Jan 2019 00:00:00",6.62083333333333,6.875,0.25416666666667
"Wed 2 Jan 2019 00:00:00",6.6,6.76666666666666,0.16666666666666075
"Thu 3 Jan 2019 00:00:00",6.5,6.6125,0.11249999999999982
"Fri 4 Jan 2019 00:00:00",6.4625,6.525,0.0625
"Sat 5 Jan 2019 00:00:00",6.28333333333333,6.46666666666667,0.18333333333334068
"Sun 6 Jan 2019 00:00:00",6.12916666666667,6.32083333333333,0.1916666666666602
"Mon 7 Jan 2019 00:00:00",5.9375,6.08333333333333,0.14583333333333037
"Tue 8 Jan 2019 00:00:00",5.79166666666666,5.90416666666667,0.11250000000001048
"Wed 9 Jan 2019 00:00:00",5.6625,5.70833333333333,0.04583333333333073
"Thu 10 Jan 2019 00:00:00",5.54166666666667,5.59583333333333,0.054166666666660035
"Fri 11 Jan 2019 00:00:00",5.42083333333334,5.47083333333333,0.04999999999999005
"Sat 12 Jan 2019 00:00:00",5.28333333333333,5.33333333333333,0.05000000000000071
"Sun 13 Jan 2019 00:00:00",5.1625,5.17916666666667,0.01666666666667016
"Mon 14 Jan 2019 00:00:00",5.00416666666667,5.02916666666667,0.025000000000000355
"Tue 15 Jan 2019 00:00:00",4.9,4.92083333333334,0.020833333333339255
"Wed 16 Jan 2019 00:00:00",4.8625,4.82083333333333,-0.04166666666666963
"Thu 17 Jan 2019 00:00:00",4.76666666666667,4.78333333333333,0.016666666666659502
"Fri 18 Jan 2019 00:00:00",4.74583333333333,4.8,0.054166666666669805
"Sat 19 Jan 2019 00:00:00",4.73333333333333,4.79166666666667,0.05833333333333979
"Sun 20 Jan 2019 00:00:00",4.67916666666667,4.69583333333333,0.01666666666666039
"Mon 21 Jan 2019 00:00:00",4.59166666666667,4.60416666666667,0.01249999999999929
"Tue 22 Jan 2019 00:00:00",4.5,4.52916666666667,0.029166666666670338
"Wed 23 Jan 2019 00:00:00",4.5125,4.5,-0.012500000000000178
"Thu 24 Jan 2019 00:00:00",4.44583333333333,4.44583333333334,9.769962616701378e-15
"Fri 25 Jan 2019 00:00:00",4.375,4.3875,0.012500000000000178
"Sat 26 Jan 2019 00:00:00",4.3,4.3,0.
"Sun 27 Jan 2019 00:00:00",4.29166666666667,4.29583333333333,0.004166666666660213
"Mon 28 Jan 2019 00:00:00",4.22916666666667,4.2625,0.03333333333333055
"Tue 29 Jan 2019 00:00:00",4.12916666666667,4.16666666666667,0.037499999999999645
"Wed 30 Jan 2019 00:00:00",4.07916666666667,4.09583333333333,0.016666666666659502
"Thu 31 Jan 2019 00:00:00",3.9875,4.00833333333333,0.020833333333330373
"Fri 1 Feb 2019 00:00:00",3.90833333333333,3.925,0.016666666666669716
"Sat 2 Feb 2019 00:00:00",3.92083333333333,3.89583333333333,-0.02499999999999991
"Sun 3 Feb 2019 00:00:00",3.87916666666667,3.86666666666667,-0.012500000000000178
"Mon 4 Feb 2019 00:00:00",3.78333333333333,3.77083333333333,-0.012500000000000178
"Tue 5 Feb 2019 00:00:00",3.64166666666667,3.67083333333333,0.02916666666665968
"Wed 6 Feb 2019 00:00:00",3.51666666666667,3.48333333333333,-0.03333333333334032
"Thu 7 Feb 2019 00:00:00",3.4625,3.44166666666667,-0.02083333333332993
"Fri 8 Feb 2019 00:00:00",3.39166666666667,3.3,-0.09166666666667034
"Sat 9 Feb 2019 00:00:00",3.275,3.23333333333333,-0.04166666666667007
"Sun 10 Feb 2019 00:00:00",3.16666666666667,3.04166666666667,-0.125
"Mon 11 Feb 2019 00:00:00",3.05416666666667,2.9375,-0.1166666666666698
"Tue 12 Feb 2019 00:00:00",3.12083333333333,2.96666666666667,-0.15416666666666012
"Wed 13 Feb 2019 00:00:00",3.11666666666667,3.04166666666667,-0.07499999999999973
"Thu 14 Feb 2019 00:00:00",3.02916666666667,3.02916666666667,0.
"Fri 15 Feb 2019 00:00:00",3.0375,3,-0.03750000000000009
"Sat 16 Feb 2019 00:00:00",3.02083333333333,2.95416666666667,-0.06666666666665977
"Sun 17 Feb 2019 00:00:00",2.94583333333333,2.88333333333333,-0.0625
"Mon 18 Feb 2019 00:00:00",2.95416666666667,2.82916666666667,-0.125
"Tue 19 Feb 2019 00:00:00",2.9125,2.8625,-0.050000000000000266
"Wed 20 Feb 2019 00:00:00",2.92916666666667,2.8875,-0.04166666666666963
"Thu 21 Feb 2019 00:00:00",2.8625,2.82083333333333,-0.04166666666666963
"Fri 22 Feb 2019 00:00:00",2.75,2.61666666666667,-0.1333333333333302
"Sat 23 Feb 2019 00:00:00",2.7375,2.64166666666667,-0.09583333333332966
"Sun 24 Feb 2019 00:00:00",2.79166666666667,2.7,-0.0916666666666699
"Mon 25 Feb 2019 00:00:00",2.76666666666667,2.70416666666667,-0.0625
"Tue 26 Feb 2019 00:00:00",2.73333333333333,2.62916666666667,-0.10416666666665986
"Wed 27 Feb 2019 00:00:00",2.70833333333333,2.62083333333333,-0.08749999999999991
"Thu 28 Feb 2019 00:00:00",2.725,2.60833333333333,-0.11666666666667025
"Fri 1 Mar 2019 00:00:00",2.72916666666667,2.60833333333333,-0.12083333333334023
"Sat 2 Mar 2019 00:00:00",2.7,2.60416666666667,-0.0958333333333301
"Sun 3 Mar 2019 00:00:00",2.63333333333333,2.55,-0.08333333333333037
"Mon 4 Mar 2019 00:00:00",2.57916666666667,2.59166666666667,0.012499999999999734
"Tue 5 Mar 2019 00:00:00",2.55416666666667,2.5125,-0.04166666666666963
"Wed 6 Mar 2019 00:00:00",2.49583333333333,2.475,-0.02083333333332993
"Thu 7 Mar 2019 00:00:00",2.42083333333333,2.25833333333333,-0.16249999999999964
"Fri 8 Mar 2019 00:00:00",2.35416666666667,2.30416666666667,-0.050000000000000266
"Sat 9 Mar 2019 00:00:00",2.35,2.2875,-0.0625
"Sun 10 Mar 2019 00:00:00",2.4125,2.28333333333333,-0.12916666666666998
"Mon 11 Mar 2019 00:00:00",2.36666666666667,2.225,-0.14166666666666972
"Tue 12 Mar 2019 00:00:00",2.36666666666667,2.2875,-0.07916666666666972
"Wed 13 Mar 2019 00:00:00",2.37083333333333,2.3125,-0.05833333333333002
"Thu 14 Mar 2019 00:00:00",2.40416666666667,2.2875,-0.1166666666666698
"Fri 15 Mar 2019 00:00:00",2.3875,2.30833333333333,-0.07916666666667016
"Sat 16 Mar 2019 00:00:00",2.3875,2.31666666666667,-0.0708333333333302
"Sun 17 Mar 2019 00:00:00",2.41666666666667,2.32083333333333,-0.09583333333333988
"Mon 18 Mar 2019 00:00:00",2.42083333333333,2.35416666666667,-0.06666666666665977
"Tue 19 Mar 2019 00:00:00",2.4375,2.3375,-0.10000000000000009
"Wed 20 Mar 2019 00:00:00",2.5125,2.3875,-0.125
"Thu 21 Mar 2019 00:00:00",2.52916666666667,2.4375,-0.0916666666666699
"Fri 22 Mar 2019 00:00:00",2.59583333333333,2.5125,-0.08333333333332993
"Sat 23 Mar 2019 00:00:00",2.73333333333333,2.575,-0.15833333333332966
"Sun 24 Mar 2019 00:00:00",2.72083333333333,2.62083333333333,-0.10000000000000009
"Mon 25 Mar 2019 00:00:00",2.725,2.65833333333333,-0.06666666666666998
"Tue 26 Mar 2019 00:00:00",2.80416666666667,2.7,-0.10416666666666963
"Wed 27 Mar 2019 00:00:00",2.79166666666667,2.75416666666667,-0.03750000000000009
"Thu 28 Mar 2019 00:00:00",2.825,2.7875,-0.03750000000000009
"Fri 29 Mar 2019 00:00:00",2.85,2.74166666666667,-0.10833333333333028
"Sat 30 Mar 2019 00:00:00",2.98333333333333,2.80833333333333,-0.17499999999999982
"Sun 31 Mar 2019 00:00:00",3.01666666666667,2.85416666666667,-0.1625000000000001
"Mon 1 Apr 2019 00:00:00",3.0375,2.925,-0.11250000000000027
"Tue 2 Apr 2019 00:00:00",3.075,2.95833333333333,-0.11666666666667025
"Wed 3 Apr 2019 00:00:00",3.14583333333333,3.025,-0.12083333333333002
"Thu 4 Apr 2019 00:00:00",3.2,3.09583333333333,-0.10416666666667007
"Fri 5 Apr 2019 00:00:00",3.22083333333333,3.15,-0.0708333333333302
"Sat 6 Apr 2019 00:00:00",3.24583333333333,3.16666666666667,-0.07916666666665995
"Sun 7 Apr 2019 00:00:00",3.32916666666667,3.23333333333333,-0.09583333333334032
"Mon 8 Apr 2019 00:00:00",3.32916666666667,3.3,-0.029166666666670338
"Tue 9 Apr 2019 00:00:00",3.40833333333333,3.35,-0.05833333333333002
"Wed 10 Apr 2019 00:00:00",3.44166666666667,3.39583333333333,-0.045833333333340054
"Thu 11 Apr 2019 00:00:00",3.54166666666667,3.47083333333333,-0.07083333333333997
"Fri 12 Apr 2019 00:00:00",3.59583333333333,3.50833333333333,-0.08749999999999991
"Sat 13 Apr 2019 00:00:00",3.575,3.5625,-0.012500000000000178
"Sun 14 Apr 2019 00:00:00",3.7125,3.6,-0.11249999999999982
"Mon 15 Apr 2019 00:00:00",3.75416666666667,3.7125,-0.04166666666667007
"Tue 16 Apr 2019 00:00:00",3.82083333333333,3.77083333333333,-0.050000000000000266
"Wed 17 Apr 2019 00:00:00",3.95416666666667,3.8625,-0.09166666666667034
"Thu 18 Apr 2019 00:00:00",4.04583333333333,4.22083333333333,0.17499999999999982
"Fri 19 Apr 2019 00:00:00",4.1375,4.35416666666667,0.21666666666666945
"Sat 20 Apr 2019 00:00:00",4.29583333333333,4.3625,0.06666666666666998
"Sun 21 Apr 2019 00:00:00",4.325,4.4125,0.08749999999999947
"Mon 22 Apr 2019 00:00:00",4.475,4.98333333333333,0.5083333333333302
"Tue 23 Apr 2019 00:00:00",4.77083333333333,5.225,0.45416666666666927
"Wed 24 Apr 2019 00:00:00",4.81666666666667,5.09166666666667,0.27500000000000036
"Thu 25 Apr 2019 00:00:00",4.94166666666667,5.20833333333333,0.2666666666666604
"Fri 26 Apr 2019 00:00:00",5.23333333333333,5.64166666666667,0.4083333333333403
"Sat 27 Apr 2019 00:00:00",5.1375,5.40416666666667,0.26666666666667016
"Sun 28 Apr 2019 00:00:00",5.2375,5.71666666666667,0.4791666666666705
"Mon 29 Apr 2019 00:00:00",5.75416666666667,6.41666666666667,0.6624999999999996
"Tue 30 Apr 2019 00:00:00",6.3375,7.15416666666667,0.81666666666667
"Wed 1 May 2019 00:00:00",6.62083333333333,7.71666666666667,1.0958333333333403
"Thu 2 May 2019 00:00:00",6.60833333333333,7.70833333333333,1.1000000000000005
"Fri 3 May 2019 00:00:00",6.85833333333333,7.80416666666667,0.94583333333334
"Sat 4 May 2019 00:00:00",7.11666666666667,8.36666666666667,1.2500000000000009
"Sun 5 May 2019 00:00:00",7.125,8.675,1.5500000000000007
"Mon 6 May 2019 00:00:00",7.375,8.29583333333333,0.9208333333333307
"Tue 7 May 2019 00:00:00",7.21666666666667,8.32916666666666,1.11249999999999
"Wed 8 May 2019 00:00:00",7.30833333333333,8.51666666666667,1.2083333333333393
"Thu 9 May 2019 00:00:00",7.95416666666667,8.65416666666666,0.6999999999999895
"Fri 10 May 2019 00:00:00",8.20416666666667,8.83333333333333,0.6291666666666611
"Sat 11 May 2019 00:00:00",8.30833333333333,8.85,0.5416666666666696
"Sun 12 May 2019 00:00:00",8.2625,9.1875,0.9250000000000007
"Mon 13 May 2019 00:00:00",8.675,9.31666666666667,0.6416666666666693
"Tue 14 May 2019 00:00:00",9.0125,9.35416666666667,0.34166666666667034
"Wed 15 May 2019 00:00:00",9.23333333333333,9.39166666666667,0.15833333333333854
"Thu 16 May 2019 00:00:00",9.08333333333333,9.275,0.19166666666666998
"Fri 17 May 2019 00:00:00",8.86666666666667,9.45,0.5833333333333286
"Sat 18 May 2019 00:00:00",9.40416666666667,9.97083333333333,0.5666666666666593
"Sun 19 May 2019 00:00:00",10.0083333333333,10.3125,0.3041666666666991
"Mon 20 May 2019 00:00:00",10.0291666666667,11.1666666666667,1.1374999999999993
"Tue 21 May 2019 00:00:00",10.1083333333333,11.9708333333333,1.862499999999999
"Wed 22 May 2019 00:00:00",9.95,12.025,2.075000000000001
"Thu 23 May 2019 00:00:00",9.99166666666667,11.8041666666667,1.8125000000000284
"Fri 24 May 2019 00:00:00",9.85833333333334,11.7791666666667,1.920833333333361
"Sat 25 May 2019 00:00:00",10.1666666666667,11.85,1.6833333333332998
"Sun 26 May 2019 00:00:00",10.5708333333333,12.6083333333333,2.0374999999999996
"Mon 27 May 2019 00:00:00",10.7541666666667,11.8708333333333,1.1166666666665996
"Tue 28 May 2019 00:00:00",10.7416666666667,12.0208333333333,1.279166666666601
"Wed 29 May 2019 00:00:00",11.0333333333333,12.225,1.1916666666667002
"Thu 30 May 2019 00:00:00",11.3125,12.4625,1.1500000000000004
"Fri 31 May 2019 00:00:00",11.5375,12.495,0.9574999999999996
"Sat 1 Jun 2019 00:00:00",11.0166666666667,12.4333333333333,1.4166666666666003
"Sun 2 Jun 2019 00:00:00",11.1625,12.4708333333333,1.3083333333332998
"Mon 3 Jun 2019 00:00:00",11.1208333333333,12.2375,1.116666666666701
"Tue 4 Jun 2019 00:00:00",11.1125,12.4416666666667,1.3291666666666995
"Wed 5 Jun 2019 00:00:00",11.4833333333333,12.2375,0.7541666666667002
"Thu 6 Jun 2019 00:00:00",11.4541666666667,12.1791666666667,0.7249999999999996
"Fri 7 Jun 2019 00:00:00",11.3416666666667,12.1958333333333,0.8541666666666003
"Sat 8 Jun 2019 00:00:00",11.525,12.1625,0.6374999999999993
"Sun 9 Jun 2019 00:00:00",11.6791666666667,12.525,0.8458333333333012
"Mon 10 Jun 2019 00:00:00",12.175,12.3,0.125
"Tue 11 Jun 2019 00:00:00",12.3458333333333,12.5208333333333,0.1750000000000007
"Wed 12 Jun 2019 00:00:00",12.5916666666667,13.0625,0.47083333333329946
"Thu 13 Jun 2019 00:00:00",12.5625,13.6916666666667,1.1291666666667002
"Fri 14 Jun 2019 00:00:00",12.325,13.9583333333333,1.6333333333333009
"Sat 15 Jun 2019 00:00:00",12.425,14.275,1.8499999999999996
"Sun 16 Jun 2019 00:00:00",12.0333333333333,14.2208333333333,2.1875
"Mon 17 Jun 2019 00:00:00",12.5416666666667,14.5291666666667,1.9875000000000007
"Tue 18 Jun 2019 00:00:00",12.7083333333333,14.2333333333333,1.5250000000000004
"Wed 19 Jun 2019 00:00:00",12.6791666666667,14.1125,1.4333333333333016
"Thu 20 Jun 2019 00:00:00",12.9041666666667,14.1291666666667,1.2249999999999996
"Fri 21 Jun 2019 00:00:00",12.8208333333333,14.1916666666667,1.3708333333333993
"Sat 22 Jun 2019 00:00:00",12.6291666666667,15.0833333333333,2.4541666666666
"Sun 23 Jun 2019 00:00:00",12.775,14.9791666666667,2.2041666666666995
"Mon 24 Jun 2019 00:00:00",13.3583333333333,14.5916666666667,1.2333333333334
"Tue 25 Jun 2019 00:00:00",13.8583333333333,15.3083333333333,1.4499999999999993
"Wed 26 Jun 2019 00:00:00",13.9208333333333,16.0958333333333,2.174999999999999
"Thu 27 Jun 2019 00:00:00",13.725,15.9125,2.1875
"Fri 28 Jun 2019 00:00:00",14.15,15.9708333333333,1.820833333333299
"Sat 29 Jun 2019 00:00:00",13.9291666666667,16.1166666666667,2.1875
"Sun 30 Jun 2019 00:00:00",13.8708333333333,16.75,2.8791666666667
"Mon 1 Jul 2019 00:00:00",14.2833333333333,16.7791666666667,2.495833333333401
"Tue 2 Jul 2019 00:00:00",14.1375,17.4916666666667,3.3541666666667
"Wed 3 Jul 2019 00:00:00",14.4375,17.6291666666667,3.1916666666666984
"Thu 4 Jul 2019 00:00:00",13.8416666666667,18.9416666666667,5.099999999999998
"Fri 5 Jul 2019 00:00:00",14.2833333333333,17.8333333333333,3.5500000000000007
"Sat 6 Jul 2019 00:00:00",14.1291666666667,17.4125,3.2833333333333012
"Sun 7 Jul 2019 00:00:00",13.925,17.7708333333333,3.8458333333332995
"Mon 8 Jul 2019 00:00:00",15.3541666666667,17.9666666666667,2.6125000000000007
"Tue 9 Jul 2019 00:00:00",15.6958333333333,17.7833333333333,2.0874999999999986
"Wed 10 Jul 2019 00:00:00",15.3375,17.6416666666667,2.304166666666701
"Thu 11 Jul 2019 00:00:00",15.7458333333333,17.3208333333333,1.575000000000001
"Fri 12 Jul 2019 00:00:00",16.025,17.475,1.4500000000000028
"Sat 13 Jul 2019 00:00:00",14.9083333333333,17.5583333333333,2.650000000000002
"Sun 14 Jul 2019 00:00:00",14.8083333333333,17.3666666666667,2.5583333333333993
"Mon 15 Jul 2019 00:00:00",15.2166666666667,17.0125,1.7958333333332988
"Tue 16 Jul 2019 00:00:00",15.7375,17.0541666666667,1.3166666666666984
"Wed 17 Jul 2019 00:00:00",15.6875,17.0458333333333,1.3583333333332988
"Thu 18 Jul 2019 00:00:00",15.6458333333333,16.9625,1.3166666666666984
"Fri 19 Jul 2019 00:00:00",15.6,17.1666666666667,1.5666666666667002
"Sat 20 Jul 2019 00:00:00",15.55,17.1791666666667,1.6291666666666984
"Sun 21 Jul 2019 00:00:00",15.7375,17.35,1.6125000000000007
"Mon 22 Jul 2019 00:00:00",16.2458333333333,17.3958333333333,1.1499999999999986
"Tue 23 Jul 2019 00:00:00",16.4708333333333,17.5375,1.066666666666702
"Wed 24 Jul 2019 00:00:00",16.2416666666667,17.7708333333333,1.529166666666601
"Thu 25 Jul 2019 00:00:00",16.45,17.55,1.1000000000000014
"Fri 26 Jul 2019 00:00:00",16.525,18.1083333333333,1.5833333333333002
"Sat 27 Jul 2019 00:00:00",16.2625,18.025,1.7624999999999993
"Sun 28 Jul 2019 00:00:00",16.5833333333333,17.7833333333333,1.1999999999999993
"Mon 29 Jul 2019 00:00:00",16.9208333333333,17.65,0.7291666666666998
"Tue 30 Jul 2019 00:00:00",17.1125,17.7916666666667,0.6791666666666991
"Wed 31 Jul 2019 00:00:00",17.2458333333333,17.8291666666667,0.5833333333333997
"Thu 1 Aug 2019 00:00:00",17.4208333333333,17.8625,0.44166666666670196
"Fri 2 Aug 2019 00:00:00",17.425,18.1541666666667,0.7291666666666998
"Sat 3 Aug 2019 00:00:00",17.1458333333333,18.2375,1.0916666666667005
"Sun 4 Aug 2019 00:00:00",17.0375,18.2416666666667,1.2041666666666977
"Mon 5 Aug 2019 00:00:00",17.3833333333333,18.2666666666667,0.8833333333334004
"Tue 6 Aug 2019 00:00:00",17.5916666666667,18.4,0.808333333333298
"Wed 7 Aug 2019 00:00:00",17.6083333333333,18.6791666666667,1.0708333333334004
"Thu 8 Aug 2019 00:00:00",17.4666666666667,18.8291666666667,1.3625000000000007
"Fri 9 Aug 2019 00:00:00",17.4,19.0166666666667,1.6166666666667027
"Sat 10 Aug 2019 00:00:00",17.3458333333333,18.85,1.504166666666702
"Sun 11 Aug 2019 00:00:00",17.15,19.025,1.875
"Mon 12 Aug 2019 00:00:00",17.7708333333333,19.1,1.3291666666667012
"Tue 13 Aug 2019 00:00:00",17.9458333333333,18.8458333333333,0.8999999999999986
"Wed 14 Aug 2019 00:00:00",18.0583333333333,18.95,0.8916666666666977
"Thu 15 Aug 2019 00:00:00",17.9,18.9333333333333,1.033333333333303
"Fri 16 Aug 2019 00:00:00",17.7708333333333,18.8458333333333,1.0749999999999993
"Sat 17 Aug 2019 00:00:00",17.4833333333333,19.0958333333333,1.6125000000000007
"Sun 18 Aug 2019 00:00:00",17.5875,19.1416666666667,1.5541666666667027
"Mon 19 Aug 2019 00:00:00",18.1666666666667,18.7916666666667,0.625
"Tue 20 Aug 2019 00:00:00",18.3041666666667,19.45,1.1458333333333002
"Wed 21 Aug 2019 00:00:00",17.925,19.3541666666667,1.4291666666666991
"Thu 22 Aug 2019 00:00:00",18.0166666666667,19.175,1.1583333333332995
"Fri 23 Aug 2019 00:00:00",17.975,19.3208333333333,1.3458333333332995
"Sat 24 Aug 2019 00:00:00",17.8833333333333,19.1333333333333,1.25
"Sun 25 Aug 2019 00:00:00",17.8875,19.0291666666667,1.1416666666667012
"Mon 26 Aug 2019 00:00:00",18.0208333333333,19.0625,1.0416666666666998
"Tue 27 Aug 2019 00:00:00",18.35,19.2291666666667,0.8791666666666984
"Wed 28 Aug 2019 00:00:00",18.5958333333333,19.3625,0.7666666666667012
"Thu 29 Aug 2019 00:00:00",18.5333333333333,19.9875,1.4541666666667012
"Fri 30 Aug 2019 00:00:00",18.3916666666667,22.0208333333333,3.629166666666599
"Sat 31 Aug 2019 00:00:00",18.3708333333333,21.8791666666667,3.508333333333397
"Sun 1 Sep 2019 00:00:00",18.1833333333333,21.1416666666667,2.9583333333333997
"Mon 2 Sep 2019 00:00:00",18.2875,20.9875,2.6999999999999993
"Tue 3 Sep 2019 00:00:00",18.2208333333333,20.9125,2.691666666666702
"Wed 4 Sep 2019 00:00:00",18.3333333333333,19.9541666666667,1.620833333333401
"Thu 5 Sep 2019 00:00:00",18.4208333333333,20.4583333333333,2.0375000000000014
"Fri 6 Sep 2019 00:00:00",18.4333333333333,20.7583333333333,2.3249999999999993
"Sat 7 Sep 2019 00:00:00",18.2125,21.35,3.137500000000003
"Sun 8 Sep 2019 00:00:00",18.2375,19.7347826086956,1.497282608695599
"Mon 9 Sep 2019 00:00:00",18.4833333333333,21.1708333333333,2.6875
"Tue 10 Sep 2019 00:00:00",18.4041666666667,21.1916666666667,2.787499999999998
"Wed 11 Sep 2019 00:00:00",18.4208333333333,21.0541666666667,2.6333333333334004
"Thu 12 Sep 2019 00:00:00",18.4458333333333,21.0458333333333,2.599999999999998
"Fri 13 Sep 2019 00:00:00",18.5875,20.825,2.2375000000000007
"Sat 14 Sep 2019 00:00:00",18.6125,20.5583333333333,1.9458333333333009
"Sun 15 Sep 2019 00:00:00",18.5041666666667,20.925,2.4208333333333023
"Mon 16 Sep 2019 00:00:00",18.525,21.0875,2.5625
"Tue 17 Sep 2019 00:00:00",18.6541666666667,20.8375,2.183333333333298
"Wed 18 Sep 2019 00:00:00",18.5333333333333,20.6166666666667,2.0833333333333997
"Thu 19 Sep 2019 00:00:00",18.5666666666667,20.4583333333333,1.8916666666666018
"Fri 20 Sep 2019 00:00:00",18.6333333333333,20.3375,1.7041666666666977
"Sat 21 Sep 2019 00:00:00",18.5833333333333,20.05,1.4666666666667005
"Sun 22 Sep 2019 00:00:00",18.7291666666667,20.2958333333333,1.566666666666599
"Mon 23 Sep 2019 00:00:00",18.5958333333333,20.2083333333333,1.6125000000000007
"Tue 24 Sep 2019 00:00:00",18.675,19.975,1.3000000000000007
"Wed 25 Sep 2019 00:00:00",18.7,19.4583333333333,0.7583333333333009
"Thu 26 Sep 2019 00:00:00",18.8125,19.5708333333333,0.7583333333333009
"Fri 27 Sep 2019 00:00:00",18.6,19.5125,0.9124999999999979
"Sat 28 Sep 2019 00:00:00",18.5458333333333,19.3083333333333,0.7625000000000028
"Sun 29 Sep 2019 00:00:00",18.625,19.0916666666667,0.46666666666670054
"Mon 30 Sep 2019 00:00:00",18.7,18.9416666666667,0.24166666666669911
"Tue 1 Oct 2019 00:00:00",18.6458333333333,18.8416666666667,0.19583333333340036
"Wed 2 Oct 2019 00:00:00",18.5916666666667,18.7375,0.14583333333330017
"Thu 3 Oct 2019 00:00:00",18.5166666666667,18.6125,0.09583333333329946
"Fri 4 Oct 2019 00:00:00",18.4416666666667,18.5125,0.07083333333330089
"Sat 5 Oct 2019 00:00:00",18.4,18.4708333333333,0.07083333333330089
"Sun 6 Oct 2019 00:00:00",18.3041666666667,18.3958333333333,0.09166666666660106
"Mon 7 Oct 2019 00:00:00",18.2458333333333,18.3,0.054166666666699115
"Tue 8 Oct 2019 00:00:00",18.0583333333333,18.2041666666667,0.14583333333339965
"Wed 9 Oct 2019 00:00:00",17.9,18.0708333333333,0.1708333333333023
"Thu 10 Oct 2019 00:00:00",17.825,17.9125,0.08750000000000213
"Fri 11 Oct 2019 00:00:00",17.7166666666667,17.8,0.08333333333330017
"Sat 12 Oct 2019 00:00:00",17.6416666666667,17.725,0.08333333333330017
"Sun 13 Oct 2019 00:00:00",17.5666666666667,17.675,0.1083333333333023
"Mon 14 Oct 2019 00:00:00",17.525,17.6,0.07500000000000284
"Tue 15 Oct 2019 00:00:00",17.4458333333333,17.5,0.054166666666699115
"Wed 16 Oct 2019 00:00:00",17.4083333333333,17.4666666666667,0.05833333333340107
"Thu 17 Oct 2019 00:00:00",17.3208333333333,17.375,0.054166666666699115
"Fri 18 Oct 2019 00:00:00",17.2208333333333,17.2791666666667,0.05833333333340107
"Sat 19 Oct 2019 00:00:00",17.0833333333333,17.1833333333333,0.10000000000000142
"Sun 20 Oct 2019 00:00:00",16.9333333333333,17.075,0.1416666666666977
"Mon 21 Oct 2019 00:00:00",16.8458333333333,16.9708333333333,0.125
"Tue 22 Oct 2019 00:00:00",16.7833333333333,16.8708333333333,0.08750000000000213
"Wed 23 Oct 2019 00:00:00",16.6125,16.7875,0.1750000000000007
"Thu 24 Oct 2019 00:00:00",16.4541666666667,16.6916666666667,0.23749999999999716
"Fri 25 Oct 2019 00:00:00",16.2333333333333,16.5958333333333,0.3625000000000007
"Sat 26 Oct 2019 00:00:00",15.8958333333333,16.425,0.5291666666667005
"Sun 27 Oct 2019 00:00:00",15.6958333333333,16.2916666666667,0.5958333333333989
"Mon 28 Oct 2019 00:00:00",15.4041666666667,16.1416666666667,0.7375000000000007
"Tue 29 Oct 2019 00:00:00",15.2541666666667,15.9,0.6458333333333002
"Wed 30 Oct 2019 00:00:00",15.0125,15.7291666666667,0.7166666666667005
"Thu 31 Oct 2019 00:00:00",14.7708333333333,15.5625,0.7916666666666998
"Fri 1 Nov 2019 00:00:00",14.4958333333333,15.4083333333333,0.9124999999999996
"Sat 2 Nov 2019 00:00:00",14.3041666666667,15.2916666666667,0.9875000000000007
"Sun 3 Nov 2019 00:00:00",14.4041666666667,15.1541666666667,0.75
"Mon 4 Nov 2019 00:00:00",14.2875,15.0541666666667,0.7666666666666995
"Tue 5 Nov 2019 00:00:00",14.15,14.9125,0.7624999999999993
"Wed 6 Nov 2019 00:00:00",13.9916666666667,14.8125,0.8208333333333009
"Thu 7 Nov 2019 00:00:00",13.9583333333333,14.7166666666667,0.7583333333334004
"Fri 8 Nov 2019 00:00:00",13.7708333333333,14.5916666666667,0.8208333333334004
"Sat 9 Nov 2019 00:00:00",13.6875,14.4958333333333,0.8083333333332998
"Sun 10 Nov 2019 00:00:00",13.4916666666667,14.4041666666667,0.9125000000000014
"Mon 11 Nov 2019 00:00:00",13.3166666666667,14.2625,0.9458333333332991
"Tue 12 Nov 2019 00:00:00",13.2708333333333,14.1416666666667,0.8708333333333993
"Wed 13 Nov 2019 00:00:00",13.1083333333333,14.0166666666667,0.9083333333333989
"Thu 14 Nov 2019 00:00:00",12.9291666666667,13.8541666666667,0.9250000000000007
"Fri 15 Nov 2019 00:00:00",12.7583333333333,13.7375,0.9791666666666998
"Sat 16 Nov 2019 00:00:00",12.5541666666667,13.6208333333333,1.0666666666666007
"Sun 17 Nov 2019 00:00:00",12.3333333333333,13.4708333333333,1.1374999999999993
"Mon 18 Nov 2019 00:00:00",12.2208333333333,13.3583333333333,1.137500000000001
"Tue 19 Nov 2019 00:00:00",12.1666666666667,13.2833333333333,1.1166666666665996
"Wed 20 Nov 2019 00:00:00",11.6333333333333,12.9916666666667,1.3583333333333982
"Thu 21 Nov 2019 00:00:00",11.7,12.8083333333333,1.1083333333333005
"Fri 22 Nov 2019 00:00:00",11.5666666666667,12.6208333333333,1.0541666666665996
"Sat 23 Nov 2019 00:00:00",11.35,12.4583333333333,1.1083333333333005
"Sun 24 Nov 2019 00:00:00",11.0333333333333,12.325,1.2916666666666998
"Mon 25 Nov 2019 00:00:00",11.0133333333333,12.1791666666667,1.1658333333333992
"Tue 26 Nov 2019 00:00:00",10.7791666666667,11.9541666666667,1.174999999999999
"Wed 27 Nov 2019 00:00:00",10.7636363636364,11.6791666666667,0.9155303030302999
"Thu 28 Nov 2019 00:00:00",10.56,11.4416666666667,0.8816666666666997
"Fri 29 Nov 2019 00:00:00",10.4166666666667,11.1958333333333,0.7791666666666011
"Sat 30 Nov 2019 00:00:00",10.25,10.9583333333333,0.7083333333333002
"Sun 1 Dec 2019 00:00:00",9.925,10.7041666666667,0.7791666666666988
"Mon 2 Dec 2019 00:00:00",9.92857142857143,10.5,0.5714285714285694
"Tue 3 Dec 2019 00:00:00",9.80416666666667,10.325,0.5208333333333286
"Wed 4 Dec 2019 00:00:00",9.67083333333333,10.2291666666667,0.5583333333333691
"Thu 5 Dec 2019 00:00:00",9.55416666666667,10.0666666666667,0.5125000000000295
"Fri 6 Dec 2019 00:00:00",9.37916666666667,9.98333333333333,0.6041666666666607
"Sat 7 Dec 2019 00:00:00",9.28333333333334,9.93333333333334,0.6500000000000004
"Sun 8 Dec 2019 00:00:00",8.97916666666667,9.67083333333333,0.6916666666666611
"Mon 9 Dec 2019 00:00:00",8.74583333333333,9.2125,0.46666666666667034
"Tue 10 Dec 2019 00:00:00",8.625,9.275,0.6500000000000004
"Wed 11 Dec 2019 00:00:00",8.4875,9.27916666666667,0.7916666666666696
"Thu 12 Dec 2019 00:00:00",8.325,9.1375,0.8125
"Fri 13 Dec 2019 00:00:00",8.125,9.06666666666666,0.9416666666666593
"Sat 14 Dec 2019 00:00:00",7.94166666666667,8.80833333333333,0.86666666666666
"Sun 15 Dec 2019 00:00:00",7.64583333333333,8.6125,0.9666666666666703
"Mon 16 Dec 2019 00:00:00",7.67083333333333,8.42083333333333,0.7500000000000009
"Tue 17 Dec 2019 00:00:00",7.725,8.34583333333334,0.6208333333333407
"Wed 18 Dec 2019 00:00:00",7.7125,8.1875,0.47499999999999964
"Thu 19 Dec 2019 00:00:00",7.55,8.04166666666667,0.4916666666666698
"Fri 20 Dec 2019 00:00:00",7.50833333333333,8,0.4916666666666698
"Sat 21 Dec 2019 00:00:00",7.24583333333333,7.92083333333334,0.6750000000000096
"Sun 22 Dec 2019 00:00:00",7.225,7.81666666666667,0.5916666666666703
"Mon 23 Dec 2019 00:00:00",6.97083333333333,7.2625,0.2916666666666705
"Tue 24 Dec 2019 00:00:00",6.8375,7.12083333333333,0.28333333333332966
"Wed 25 Dec 2019 00:00:00",6.69583333333333,6.97916666666667,0.28333333333333943
"Thu 26 Dec 2019 00:00:00",6.61666666666666,6.6875,0.07083333333333997
"Fri 27 Dec 2019 00:00:00",6.6125,6.86666666666667,0.25416666666667
"Sat 28 Dec 2019 00:00:00",6.49166666666667,6.9375,0.4458333333333302
"Sun 29 Dec 2019 00:00:00",6.37083333333334,6.87916666666667,0.5083333333333302
"Mon 30 Dec 2019 00:00:00",6.24166666666667,6.40416666666667,0.16250000000000053
