day,BON,TDA,JDA,MCN,IHR,LMN,LGS,LWG,BON,TDA,JDA,MCN,PRD,WAN,RIS,RRH,WEL,CHJ,GCL,CIBW
1,,,,,,,,,,,,,6.39565217391305,6.2304347826087,6.21739130434783,6.29583333333333,6.3,6.51538461538462,6.875,4.0625
2,,,,,,,,,,,,,6.1304347826087,5.98260869565217,6.02608695652174,6.1,6.3,6.5,6.76666666666666,4.00833333333333
3,,,,,,,,,,,,,5.95652173913044,5.82173913043478,5.96363636363636,6.09130434782608,6.2,,6.6125,4.1875
4,,,,,,,,,,,,,5.89130434782609,5.8,6.025,6.15416666666667,6.2,,6.525,4.12083333333333
5,,,,,,,,,,,,,5.9,5.73478260869565,6.06818181818182,6.13913043478261,6.2,,6.46666666666667,4.1125
6,,,,,,,,,,,,,5.8,5.7,6.02272727272727,6.0875,6.2,,6.32083333333333,4.24166666666667
7,,,,,,,,,,,,,5.66086956521739,5.7,5.96521739130435,6.05416666666666,6.1,,6.08333333333333,4.07916666666667
8,,,,,,,,,,,,,5.5695652173913,5.6695652173913,5.85652173913043,5.92916666666667,6,6.12,5.90416666666667,3.88333333333333
9,,,,,,,,,,,,,5.57826086956522,5.58695652173913,5.8,5.81739130434782,5.9,,5.70833333333333,3.89166666666667
10,,,,,,,,,,,,,5.59565217391304,5.49565217391304,5.78695652173913,5.805,5.7,,5.59583333333333,3.88333333333333
11,,,,,,,,,,,,,5.53913043478261,5.52173913043478,5.8,5.84166666666667,5.6,,5.47083333333333,3.94166666666667
12,,,,,,,,,,,,,5.52608695652174,5.54347826086956,5.77826086956522,5.79047619047619,5.6,,5.33333333333333,3.94166666666667
13,,,,,,,,,,,,,5.51739130434783,5.48260869565217,5.70454545454546,5.66363636363636,5.5,,5.17916666666667,4
14,,,,,,,,,,,,,5.41304347826087,5.45652173913044,5.52727272727273,5.53809523809524,5.4,5.18571428571429,5.02916666666667,3.85
15,,,,,,,,,,,,,5.34347826086956,5.34782608695652,5.51739130434782,5.32727272727273,5,5.02,4.92083333333334,3.78333333333333
16,,,,,,,,,,,,,5.27391304347826,5.22173913043478,5.11304347826087,5.12272727272727,4.8,4.9,4.82083333333333,3.63333333333333
17,,,,,,,,,,,,,5.25652173913043,5.16086956521739,4.92173913043478,4.91904761904762,4.7,,4.78333333333333,3.57083333333333
18,,,,,,,,,,,,,5.22608695652174,5.03043478260869,4.84736842105263,4.8,4.8,,4.8,3.67916666666667
19,,,,,,,,,,,,,5.22173913043478,4.95652173913044,4.75,4.75,4.8,,4.79166666666667,3.87083333333333
20,,,,,,,,,,,,,5.09565217391304,4.84782608695652,4.74166666666667,4.7875,4.7,,4.69583333333333,3.99166666666667
21,,,,,,,,,,,,,4.91304347826087,4.76086956521739,4.69047619047619,4.725,4.6,4.6,4.60416666666667,3.875
22,,,,,,,,,,,,,4.8,4.59565217391304,4.69130434782609,4.69166666666667,4.5,4.58,4.52916666666667,3.65
23,,,,,,,,,,,,,4.69130434782609,4.53913043478261,4.62083333333333,4.61304347826087,4.5,4.5,4.5,3.62916666666667
24,,,,,,,,,,,,,4.66086956521739,4.48695652173913,4.52916666666667,4.525,4.4,4.4,4.44583333333334,3.62083333333333
25,,,,,,,,,,,,,4.6,4.48695652173913,4.43809523809524,4.46086956521739,4.4,4.4,4.3875,3.76666666666667
26,,,,,,,,,,,,,4.52608695652174,4.45217391304348,4.4,4.425,4.2,4.3,4.3,3.69583333333333
27,,,,,,,,,,,,,4.5,4.36086956521739,4.4,4.38695652173913,4.3,4.3,4.29583333333333,3.87083333333333
28,,,,,,,,,,,,,4.37826086956522,4.22608695652174,4.29523809523809,4.30952380952381,4.3,4.25,4.2625,3.53333333333333
29,,,,,,,,,,,,,4.21739130434783,4.19565217391305,4.17083333333334,4.19565217391304,4.2,4.16842105263158,4.16666666666667,3.51666666666667
30,,,,,,,,,,,,,4.20434782608696,4.12608695652174,4.10434782608696,4.13636363636364,4.1,4.1,4.09583333333333,3.44583333333333
31,,,,,,,,,,,,,4.14913043478261,4,4.1,4.10833333333333,4.1,4.03888888888889,4.00833333333333,3.40416666666667
32,,,,,,,,,,,,,4.03478260869565,3.91304347826087,4.04166666666667,4.09166666666667,4,3.98666666666667,3.925,3.48333333333333
33,,,,,,,,,,,,,3.99130434782609,3.86521739130435,4.03333333333333,4.06521739130435,4,3.925,3.89583333333333,3.575
34,,,,,,,,,,,,,3.93478260869565,3.89130434782609,4.1,4.03636363636364,3.9,3.89,3.86666666666667,3.64166666666667
35,,,,,,,,,,,,,3.8,3.70869565217391,3.81363636363636,3.77,3.5,3.71875,3.77083333333333,3.2875
36,,,,,,,,,,,,,3.45217391304348,3.47391304347826,3.46666666666667,3.41904761904762,3,3.22631578947369,3.67083333333333,2.97916666666667
37,,,,,,,,,,,,,3.27391304347826,3.26521739130435,3.125,3.0952380952381,2.8,3.12083333333333,3.48333333333333,2.75
38,,,,,,,,,,,,,3.12608695652174,2.99565217391304,2.85454545454545,2.81304347826087,2.7,3.08,3.44166666666667,2.54166666666667
39,,,,,,,,,,,,,3.04347826086957,2.94347826086957,2.79583333333333,2.59565217391304,2.7,3.18333333333333,3.3,2.65833333333333
40,,,,,,,,,,,,,2.8304347826087,2.56521739130435,2.41739130434783,2.43478260869565,2.8,3.09166666666667,3.23333333333333,2.62916666666667
41,,,,,,,,,,,,,2.31739130434783,2.08260869565217,2.35652173913043,2.46666666666667,2.6,2.99583333333333,3.04166666666667,2.4125
42,,,,,,,,,,,,,2.11304347826087,1.87826086956522,2.29565217391304,2.3375,2.4,2.8875,2.9375,2.5
43,,,,,,,,,,,,,1.8695652173913,1.73478260869565,2.21666666666667,2.35,2.7,2.86086956521739,2.96666666666667,2.40869565217391
44,,,,,,,,,,,,,1.80869565217391,1.84782608695652,2.30833333333333,2.32608695652174,2.6,2.80833333333333,3.04166666666667,2.42083333333333
45,,,,,,,,,,,,,1.82608695652174,1.86521739130435,2.2625,2.3875,2.7,2.775,3.02916666666667,2.17083333333333
46,,,,,,,,,,,,,1.8304347826087,1.83043478260869,2.40909090909091,2.53478260869565,2.6,2.8625,3,2.23333333333333
47,,,,,,,,,,,,,2.05652173913044,2.02173913043478,2.67142857142857,2.68636363636364,2.8,2.95416666666667,2.95416666666667,2.2875
48,,,,,,,,,,,,,2.20869565217391,2.15217391304348,2.7625,2.75454545454545,2.8,2.9625,2.88333333333333,2.35416666666667
49,,,,,,,,,,,,,,,2.77727272727273,2.80416666666667,2.8,2.95,2.82916666666667,2.27826086956522
50,,,,,,,,,,,,,,,2.79565217391304,2.88260869565217,2.8,2.89583333333333,2.8625,2.20416666666667
51,,,,,,,,,,,,,,,2.86,2.81666666666667,2.8,2.8875,2.8875,2.19130434782609
52,,,,,,,,,,,,,2.56086956521739,2.48260869565217,2.83181818181818,2.76666666666667,3,2.84166666666667,2.82083333333333,2.2952380952381
53,,,,,,,,,,,,,2.61304347826087,2.59565217391304,2.775,2.84166666666667,2.8,2.9,2.61666666666667,2.15
54,,,,,,,,,,,,,2.6,2.5695652173913,2.85217391304348,2.87272727272727,2.7,2.79583333333333,2.64166666666667,2.29545454545455
55,,,,,,,,,,,,,2.57826086956522,2.52608695652174,2.805,2.82173913043478,2.8,2.775,2.7,2.1304347826087
56,,,,,,,,,,,,,2.53478260869565,2.45217391304348,2.93333333333333,2.7375,2.8,2.71818181818182,2.70416666666667,1.87777777777778
57,,,,,,,,,,,,,2.5304347826087,2.48695652173913,2.72608695652174,2.73181818181818,2.7,2.5875,2.62916666666667,1.99583333333333
58,,,,,,,,,,,,,2.50869565217391,2.46086956521739,2.7125,2.74761904761905,2.6,2.6,2.62083333333333,1.85416666666667
59,,,,,,,,,,,,,2.41695652173913,2.39565217391304,2.78260869565217,2.8,2.5,2.61666666666667,2.60833333333333,1.875
60,,,,,,,,,,,,,2.49565217391304,2.41304347826087,2.84285714285714,2.80434782608696,2.7,2.66666666666667,2.60833333333333,1.94583333333333
61,,,,,,,,,,,,,2.5304347826087,2.40869565217391,2.73809523809524,2.70476190476191,3,2.65416666666667,2.60416666666667,1.86666666666667
62,,,,,,,,,,,,,2.44782608695652,2.44782608695652,2.67916666666667,2.69130434782609,2.9,2.64166666666667,2.55,1.6875
63,,,,,,,,,,,,,2.4304347826087,2.45217391304348,2.67391304347826,2.74347826086956,2.6,2.61666666666667,2.59166666666667,1.675
64,,,,,,,,,,,,,2.48260869565217,2.39130434782609,2.775,2.8,2.6,2.58333333333333,2.5125,1.69166666666667
65,,,,,,,,,,,,,2.42173913043478,2.27826086956522,2.71739130434783,2.67916666666667,2.6,2.43333333333333,2.475,1.74583333333333
66,,,,,,,,,,,,,2.34347826086956,2.30434782608696,2.70833333333333,2.64583333333333,2.6,2.52916666666667,2.25833333333333,1.77083333333333
67,,,,,,,,,,,,,2.44782608695652,2.55652173913044,2.72272727272727,2.7,2.7,2.54166666666667,2.30416666666667,1.86666666666667
68,,,,,,,,,,,,,2.6304347826087,2.61304347826087,2.73333333333333,2.72083333333333,2.6,2.4875,2.2875,1.82608695652174
69,,,,,,,,,,,,,2.69090909090909,2.59545454545455,2.69090909090909,2.75217391304348,2.5,2.43913043478261,2.28333333333333,1.82
70,,,,,,,3.24545454545455,,,,,,2.7,2.5695652173913,2.78636363636364,2.75,2.6,2.325,2.225,1.51666666666667
71,,,2.35384615384615,,,,3.1125,,,,2.35384615384615,,2.70434782608696,2.57826086956522,2.78333333333333,2.73181818181818,2.4,2.3,2.2875,2.17894736842105
72,,3.00909090909091,2.49583333333333,,,3.1,3.26666666666667,,,3.00909090909091,2.49583333333333,,2.86521739130435,2.73478260869565,2.93636363636364,2.775,2.4,2.2875,2.3125,2.00833333333333
73,,3.29166666666667,2.69166666666667,,,3.11666666666667,3.49166666666667,,,3.29166666666667,2.69166666666667,,3.06521739130435,2.80869565217391,2.9625,2.86666666666667,2.5,2.4,2.2875,1.925
74,3.31428571428571,3.45,2.87083333333333,,,3.27916666666667,3.64583333333333,,3.31428571428571,3.45,2.87083333333333,,3.17826086956522,2.95652173913043,3.04782608695652,2.9,2.7,2.475,2.30833333333333,1.96666666666667
75,3.5125,3.62666666666667,3.03333333333333,,,3.42083333333333,3.71666666666667,,3.5125,3.62666666666667,3.03333333333333,,3.31304347826087,3.1,3.07083333333333,2.84166666666667,2.7,2.5125,2.31666666666667,2.26521739130435
76,3.775,3.85,3.16666666666667,,,3.6125,3.925,,3.775,3.85,3.16666666666667,,3.46521739130435,3.27391304347826,3.06666666666667,2.95217391304348,2.9,2.62916666666667,2.32083333333333,2.76666666666667
77,3.97083333333333,3.99375,3.34583333333333,,,3.7875,4.25416666666667,,3.97083333333333,3.99375,3.34583333333333,,3.67391304347826,3.41304347826087,3.23913043478261,3.14090909090909,3,2.675,2.35416666666667,2.875
78,4.2125,4.06666666666667,3.58333333333333,,,3.95,4.68333333333333,4.96428571428571,4.2125,4.06666666666667,3.58333333333333,,3.89565217391304,3.50869565217391,3.44347826086956,3.33478260869565,3.1,2.7,2.3375,2.9875
79,4.43333333333333,4.32916666666667,3.88333333333333,,,4.10833333333333,4.95,5.3,4.43333333333333,4.32916666666667,3.88333333333333,,4.08695652173913,3.63913043478261,3.64347826086957,3.50869565217391,3.3,2.78333333333333,2.3875,3.19166666666667
80,4.55833333333333,4.625,4.12916666666667,,,4.37083333333333,5.31666666666667,5.63333333333333,4.55833333333333,4.625,4.12916666666667,,4.35217391304348,3.77391304347826,3.80416666666667,3.66521739130435,3.3,2.8125,2.4375,3.47916666666667
81,4.76666666666667,4.95833333333333,4.35833333333333,,,5.02083333333333,5.3,6.02083333333333,4.76666666666667,4.95833333333333,4.35833333333333,,4.54583333333333,4,4.00434782608696,3.8125,3.7,2.87083333333333,2.5125,3.25416666666667
82,5.125,5.2,4.5875,,,5.55,5.65,6.4,5.125,5.2,4.5875,,4.67083333333333,4.275,4.2,4.00833333333333,3.5,2.95416666666667,2.575,3.77916666666667
83,5.45833333333333,5.49583333333333,4.86666666666667,,,5.77916666666667,6.0875,6.6625,5.45833333333333,5.49583333333333,4.86666666666667,,4.725,4.42083333333333,4.4,4.10952380952381,3.9,2.99166666666667,2.62083333333333,3.89583333333333
84,5.675,5.6875,5.35416666666667,,,5.95416666666667,6.24583333333333,6.84583333333333,5.675,5.6875,5.35416666666667,,4.825,4.39583333333333,4.38260869565217,4.18260869565218,3.9,3.04166666666667,2.65833333333333,3.925
85,5.81666666666667,5.92916666666666,5.60833333333333,6.15454545454545,6.16,6.2,6.75416666666667,7.05,5.81666666666667,5.92916666666666,5.60833333333333,6.15454545454545,5.1125,4.70416666666667,4.50416666666667,4.31666666666667,3.7,3.1375,2.7,3.99166666666667
86,5.90416666666667,6.14583333333333,5.94166666666667,6.43333333333333,6.35833333333333,6.49166666666666,7,6.75416666666667,5.90416666666667,6.14583333333333,5.94166666666667,6.43333333333333,5.05833333333333,4.79583333333333,4.77272727272727,4.35909090909091,4,3.16666666666667,2.75416666666667,3.6625
87,6.05833333333333,6.275,6.15,6.3,6.55833333333333,6.8625,7.2375,6.75,6.05833333333333,6.275,6.15,6.3,5.3625,5.02916666666667,4.57894736842105,4.43913043478261,3.9,3.2375,2.7875,3.80416666666667
88,6.41666666666667,6.6375,6.2125,6.6625,6.8375,7.15416666666667,7.425,6.95833333333334,6.41666666666667,6.6375,6.2125,6.6625,5.51666666666667,5.08333333333333,4.9,4.55652173913043,4,3.245,2.74166666666667,4.12083333333333
89,6.67083333333333,6.92916666666667,6.6,6.64166666666667,7.24166666666667,7.4,7.34166666666667,6.77916666666667,6.67083333333333,6.92916666666667,6.6,6.64166666666667,5.6875,5.63333333333333,4.95652173913044,4.56666666666667,4.1,3.32941176470588,2.80833333333333,4.54166666666667
90,7.06666666666667,7.10833333333333,6.82916666666667,6.96666666666667,7.59166666666666,7.64166666666666,7.25833333333334,6.97083333333333,7.06666666666667,7.10833333333333,6.82916666666667,6.96666666666667,6.5,5.67,5.03478260869565,4.65217391304348,4.2,3.36842105263158,2.85416666666667,4.67083333333333
91,7.325,7.29166666666667,7.3,7.36666666666667,7.84583333333333,7.6875,7.45,7.33333333333333,7.325,7.29166666666667,7.3,7.36666666666667,6.1125,6.1375,5.15454545454546,4.85652173913044,4.2,3.40625,2.925,5.16666666666667
92,7.49166666666667,7.50833333333333,7.44166666666667,7.6,8.15,7.70416666666667,7.5,7.77083333333334,7.49166666666667,7.50833333333333,7.44166666666667,7.6,6.24166666666667,6.25416666666667,5.23333333333333,4.96086956521739,4.2,3.39166666666667,2.95833333333333,5.00416666666667
93,7.57916666666666,7.65416666666667,7.39583333333334,7.76666666666666,8.35416666666667,8.04782608695652,7.8625,8.06666666666666,7.57916666666666,7.65416666666667,7.39583333333334,7.76666666666666,6.35416666666667,6.10416666666667,5.31818181818182,5.05416666666667,4.2,3.5421052631579,3.025,5.09166666666667
94,7.79166666666667,7.85416666666667,7.49166666666667,7.975,8.4,8.175,7.9,8.30833333333334,7.79166666666667,7.85416666666667,7.49166666666667,7.975,6.42916666666667,6.25,5.54347826086956,5.15652173913044,4.7,3.68947368421053,3.09583333333333,5.60833333333333
95,7.9625,8.02916666666666,8.02083333333334,8.425,8.54166666666666,8.20833333333333,8.17083333333333,8.65833333333333,7.9625,8.02916666666666,8.02083333333334,8.425,6.65416666666667,6.3125,5.66818181818182,5.27727272727273,4.6,,3.15,5.7375
96,8,8.1375,8.05,8.5625,8.65,8.33333333333333,8.49583333333333,8.77083333333333,8,8.1375,8.05,8.5625,6.6625,6.2125,5.59090909090909,5.29166666666667,4.5,3.7,3.16666666666667,5.60416666666667
97,8.075,8.35,8.075,8.4625,8.66666666666666,8.62499999999999,8.7375,8.71666666666667,8.075,8.35,8.075,8.4625,6.64583333333333,6.31666666666667,5.665,5.32916666666667,4.5,3.86666666666667,3.23333333333333,5.6375
98,8.15,8.42916666666667,8.28333333333333,8.46666666666667,8.77083333333334,8.87916666666667,8.99583333333333,8.5875,8.15,8.42916666666667,8.28333333333333,8.46666666666667,6.74583333333333,6.32083333333333,5.67142857142857,5.30869565217391,4.8,3.85,3.3,5.975
99,8.30833333333334,8.62083333333333,8.5875,8.54583333333333,9.02083333333333,9.15833333333333,9.08333333333333,8.00833333333333,8.30833333333334,8.62083333333333,8.5875,8.54583333333333,6.75416666666667,6.24583333333333,5.67727272727273,5.38333333333333,4.8,3.87333333333333,3.35,6.23333333333333
100,8.52083333333333,8.85416666666667,8.85,8.42083333333333,9.3,9.1625,8.6125,7.60833333333333,8.52083333333333,8.85416666666667,8.85,8.42083333333333,6.8,6.32916666666667,5.83,5.425,4.8,3.84583333333333,3.39583333333333,5.77083333333333
101,8.8875,9.00833333333333,8.92916666666667,8.8125,9.35,8.675,8.1,7.46666666666667,8.8875,9.00833333333333,8.92916666666667,8.8125,6.9,6.375,5.79130434782609,5.4125,4.9,3.84583333333333,3.47083333333333,6.68333333333333
102,9.18333333333334,9.1625,9.03333333333333,9.2,9.04166666666667,8.3125,7.92916666666667,7.575,9.18333333333334,9.1625,9.03333333333333,9.2,7.02916666666667,6.65833333333333,5.87916666666667,5.59565217391304,5.1,3.95833333333333,3.50833333333333,6.74583333333334
103,9.2375,9.15833333333333,9.01666666666667,9.475,8.68333333333333,8.2,7.87916666666667,8.00416666666666,9.2375,9.15833333333333,9.01666666666667,9.475,6.87083333333333,6.59583333333333,6,5.59565217391304,5,3.90833333333333,3.5625,6.65833333333333
104,9.175,9.09166666666666,9.01666666666667,9.08333333333333,8.47083333333333,8.05416666666667,7.87916666666667,8.4375,9.175,9.09166666666666,9.01666666666667,9.08333333333333,6.8,6.39166666666667,5.905,5.60434782608696,5.1,3.99166666666667,3.6,6.70416666666667
105,9.09166666666666,9.15,9.22083333333333,8.925,8.35416666666667,8.02916666666667,8.09583333333333,8.775,9.09166666666666,9.15,9.22083333333333,8.925,6.86666666666666,6.8,5.84761904761905,5.55454545454545,4.9,4.09166666666667,3.7125,6.58333333333333
106,9.24166666666667,9.475,9.47916666666667,8.6,8.49166666666667,8.35,8.65416666666667,8.9625,9.24166666666667,9.475,9.47916666666667,8.6,7.2625,7.02083333333333,5.84761904761905,5.49166666666667,5,4.14166666666667,3.77083333333333,6.41666666666667
107,9.58333333333334,9.87083333333333,9.50833333333333,8.71666666666667,8.70416666666667,8.80833333333333,9.19166666666667,9.05,9.58333333333334,9.87083333333333,9.50833333333333,8.71666666666667,7.1,6.74166666666667,5.95909090909091,5.66086956521739,5,4.2,3.8625,6.67083333333333
108,10.0291666666667,10.1166666666667,9.7875,8.92083333333333,9.0875,9.33333333333333,9.60833333333333,9.37916666666667,10.0291666666667,10.1166666666667,9.7875,8.92083333333333,7.51666666666666,7.19583333333333,6.12272727272727,5.76086956521739,5.3,4.32083333333333,4.22083333333333,6.62083333333333
109,10.4375,10.4458333333333,9.97916666666667,9.26666666666667,9.65833333333333,9.85833333333333,9.79166666666667,9.77916666666667,10.4375,10.4458333333333,9.97916666666667,9.26666666666667,7.61666666666667,7.06666666666667,6.2375,5.83181818181818,5.4,4.35833333333334,4.35416666666667,6.5375
110,10.7,10.6166666666667,10.2458333333333,9.77083333333334,10.1458333333333,10.125,9.9375,10.3333333333333,10.7,10.6166666666667,10.2458333333333,9.77083333333334,7.94166666666667,7.27083333333333,6.33478260869565,5.79583333333333,5.5,4.57916666666667,4.3625,6.73333333333333
111,10.8375,10.7125,10.2583333333333,10.075,10.4,10.2291666666667,10.2125,10.725,10.8375,10.7125,10.2583333333333,10.075,8.06666666666667,7.45833333333333,6.5047619047619,6.03636363636364,5.9,4.74583333333333,4.4125,6.80416666666667
112,10.8416666666667,10.7666666666667,10.3541666666667,10.5041666666667,10.5916666666667,10.5833333333333,10.8291666666667,10.1333333333333,10.8416666666667,10.7666666666667,10.3541666666667,10.5041666666667,8.01666666666667,7.44166666666667,6.65833333333333,6.33333333333333,6.2,4.67916666666667,4.98333333333333,6.87916666666667
113,10.9333333333333,10.9291666666667,10.4166666666667,10.875,10.9458333333333,11.1625,11.0125,9.86666666666667,10.9333333333333,10.9291666666667,10.4166666666667,10.875,7.84166666666667,7.45416666666667,6.46,6.50454545454546,6.3,4.82083333333334,5.225,7.05833333333333
114,11.0958333333333,10.9916666666667,10.75,11.025,11.4541666666667,11.2708333333333,10.6166666666667,9.99166666666667,11.0958333333333,10.9916666666667,10.75,11.025,7.98571428571428,7.64166666666667,6.94761904761905,6.74761904761905,6.2,4.99166666666667,5.09166666666667,7.3125
115,11.1166666666667,11.25,11.2375,11.0458333333333,11.5666666666667,10.8625,10.25,10.2208333333333,11.1166666666667,11.25,11.2375,11.0458333333333,,7.79166666666667,7.1695652173913,6.85652173913043,5.8,5.05416666666667,5.20833333333333,7.57083333333333
116,11.3458333333333,11.5625,11.4958333333333,10.9083333333333,11.2166666666667,10.675,10.3166666666667,10.15,11.3458333333333,11.5625,11.4958333333333,10.9083333333333,7.96666666666667,7.55833333333333,7.0125,6.67727272727273,5.8,5.30416666666667,5.64166666666667,8.06666666666667
117,11.4916666666667,11.7083333333333,11.65,10.8458333333333,10.9708333333333,10.7375,10.3291666666667,9.91666666666667,11.4916666666667,11.7083333333333,11.65,10.8458333333333,8.04583333333333,7.66666666666666,6.9875,6.68333333333333,6.3,5.30416666666667,5.40416666666667,8.1
118,11.6208333333333,11.7708333333333,11.7166666666667,10.625,10.8666666666667,10.6125,10.1208333333333,9.68333333333333,11.6208333333333,11.7708333333333,11.7166666666667,10.625,7.93333333333333,7.74583333333333,6.9625,6.70454545454545,6.3,5.425,5.71666666666667,8.34166666666667
119,11.8791666666667,11.8416666666667,11.8208333333333,10.4166666666667,10.9041666666667,10.5291666666667,9.9375,9.7625,11.8791666666667,11.8416666666667,11.8208333333333,10.4166666666667,8.05416666666667,7.79583333333333,6.94782608695652,6.82083333333334,6.2,5.63333333333333,6.41666666666667,8.18333333333334
120,12.0375,11.8208333333333,11.6833333333333,10.425,10.8416666666667,10.3583333333333,9.89583333333333,9.74166666666667,12.0375,11.8208333333333,11.6833333333333,10.425,7.89,7.78,7.14090909090909,6.9,6.5,5.52083333333333,7.15416666666667,7.975
121,12.025,11.7833333333333,11.5625,10.2041666666667,10.7958333333333,10.375,10.0416666666667,9.87916666666667,12.025,11.7833333333333,11.5625,10.2041666666667,7.90416666666667,7.7375,6.84117647058823,6.82380952380952,6.3,5.88333333333333,7.71666666666667,8.0375
122,11.8875,11.6,11.2916666666667,10.2208333333333,10.7583333333333,10.3875,10.0708333333333,9.9375,11.8875,11.6,11.2916666666667,10.2208333333333,7.95833333333333,7.64166666666666,7.26086956521739,7.02916666666666,6.4,6.42916666666667,7.70833333333333,8.1125
123,11.8166666666667,11.6,11.3541666666667,10.2708333333333,10.7708333333333,10.5208333333333,10.2208333333333,10.0125,11.8166666666667,11.6,11.3541666666667,10.2708333333333,8.09583333333333,8.2,7.03,6.9875,6.9,6.95416666666667,7.80416666666667,8.20416666666667
124,11.8666666666667,11.75,11.3916666666667,10.4916666666667,10.925,10.5833333333333,10.3958333333333,10.45,11.8666666666667,11.75,11.3916666666667,10.4916666666667,8.39166666666667,8.3,7.41363636363636,7.21304347826087,7.9,7.17916666666666,8.36666666666667,8.12083333333333
125,12.1375,11.8833333333333,11.4583333333333,10.7416666666667,11.125,10.8375,10.6666666666667,11.1083333333333,12.1375,11.8833333333333,11.4583333333333,10.7416666666667,8.65,8.88333333333333,7.94583333333333,7.8125,7.9,7.37083333333333,8.675,8.15416666666667
126,12.3583333333333,12.0125,11.5833333333333,11.1083333333333,11.3166666666667,11.0083333333333,10.7958333333333,11.8041666666667,12.3583333333333,12.0125,11.5833333333333,11.1083333333333,8.85416666666667,8.94166666666667,8.51818181818182,8.30434782608696,8.4,7.70416666666667,8.29583333333333,8.4375
127,12.5,12.2,11.9291666666667,11.3708333333333,11.5541666666667,11.2125,11.575,12.475,12.5,12.2,11.9291666666667,11.3708333333333,9.08333333333333,9.15,8.95833333333333,8.7304347826087,8.7,7.925,8.32916666666666,8.78333333333333
128,12.6416666666667,12.4083333333333,12.1125,11.5875,11.7625,11.6875,12.0583333333333,12.7208333333333,12.6416666666667,12.4083333333333,12.1125,11.5875,9.34583333333333,9.6375,9.29047619047619,8.99130434782609,8.7,7.97083333333333,8.51666666666667,9.025
129,12.8708333333333,12.5958333333333,12.7,11.8333333333333,12.0166666666667,12.2541666666667,12.6173913043478,12.4125,12.8708333333333,12.5958333333333,12.7,11.8333333333333,9.58333333333333,9.9375,9.43478260869565,9.11304347826087,8.8,8.14166666666667,8.65416666666666,9.28333333333333
130,12.9125,12.825,12.5291666666667,11.975,12.4708333333333,12.8375,13.325,11.95,12.9125,12.825,12.5291666666667,11.975,10.025,10.325,9.61904761904762,9.48260869565217,9,8.00833333333333,8.83333333333333,9.67916666666667
131,13.1916666666667,12.9708333333333,12.6958333333333,12.1666666666667,13.0791666666667,13.3541666666667,13.325,11.9666666666667,13.1916666666667,12.9708333333333,12.6958333333333,12.1666666666667,10.425,10.4666666666667,9.8,9.54090909090909,8.9,8.475,8.85,10.0833333333333
132,13.2958333333333,13.1916666666667,12.85,12.4083333333333,13.7958333333333,13.6625,13.175,11.95,13.2958333333333,13.1916666666667,12.85,12.4083333333333,10.7541666666667,10.4875,9.98095238095238,9.70869565217391,9.6,8.8375,9.1875,10.4875
133,13.4041666666667,13.3666666666667,13.0708333333333,12.8375,14.1958333333333,13.4166666666667,12.9166666666667,12.0583333333333,13.4041666666667,13.3666666666667,13.0708333333333,12.8375,10.8125,10.725,10.0083333333333,9.72608695652174,10,9.075,9.31666666666667,10.6958333333333
134,13.4416666666667,13.45,13.2541666666667,13.3291666666667,13.9958333333333,13.0041666666667,12.8208333333333,12.175,13.4416666666667,13.45,13.2541666666667,13.3291666666667,10.7791666666667,10.5333333333333,9.96666666666667,10.0545454545455,9.5,8.875,9.35416666666667,10.8208333333333
135,13.3583333333333,13.45,13.3291666666667,13.1541666666667,13.475,12.7833333333333,12.5875,12.0958333333333,13.3583333333333,13.45,13.3291666666667,13.1541666666667,10.6125,10.5125,10.1684210526316,10.0571428571429,9.2,8.96666666666667,9.39166666666667,10.9458333333333
136,13.4333333333333,13.45,13.375,12.8416666666667,13.2625,12.6791666666667,12.5791666666667,11.9791666666667,13.4333333333333,13.45,13.375,12.8416666666667,10.4583333333333,10.3791666666667,10.0409090909091,9.85909090909091,9.4,9.3375,9.275,11.5541666666667
137,13.4291666666667,13.5291666666667,13.4375,12.5166666666667,13.0541666666667,12.6291666666667,12.3291666666667,11.55,13.4291666666667,13.5291666666667,13.4375,12.5166666666667,10.5916666666667,10.4333333333333,9.8,9.67916666666667,9.8,9.6375,9.45,11.4208333333333
138,13.6041666666667,13.7375,13.6791666666667,12.4041666666667,12.9416666666667,12.3958333333333,12.1166666666667,11.2375,13.6041666666667,13.7375,13.6791666666667,12.4041666666667,10.7208333333333,10.7708333333333,9.98695652173913,9.92083333333333,9.9,9.425,9.97083333333333,11.1291666666667
139,13.8291666666667,13.8416666666667,13.6166666666667,12.5625,12.925,12.3291666666667,11.8875,10.7416666666667,13.8291666666667,13.8416666666667,13.6166666666667,12.5625,10.6,10.4,10.3416666666667,10.2869565217391,10.1,9.3,10.3125,10.7208333333333
140,13.8375,13.5625,13.2833333333333,12.8708333333333,12.8666666666667,12.075,11.6541666666667,10.7791666666667,13.8375,13.5625,13.2833333333333,12.8708333333333,10.6666666666667,10.6458333333333,10.6190476190476,10.5291666666667,10.2,10,11.1666666666667,10.5333333333333
141,13.6208333333333,13.3583333333333,13.1625,12.8,12.6625,11.9541666666667,11.3,11.1,13.6208333333333,13.3583333333333,13.1625,12.8,10.8083333333333,10.8,10.5708333333333,10.45,10.8,10.4166666666667,11.9708333333333,10.5708333333333
142,13.5416666666667,13.3583333333333,13.125,12.5083333333333,12.4208333333333,11.4333333333333,11.1125,11.3458333333333,13.5416666666667,13.3583333333333,13.125,12.5083333333333,11.0833333333333,11.0375,10.12,10.3478260869565,10.9,10.3916666666667,12.025,10.3541666666667
143,13.65,13.425,13.3208333333333,12.45,12.15,11.2958333333333,11.2916666666667,11.2875,13.65,13.425,13.3208333333333,12.45,11.35,11.6666666666667,10.9347826086957,11.0952380952381,11.1,10.4708333333333,11.8041666666667,10.2666666666667
144,13.6375,13.7416666666667,13.4166666666667,12.7291666666667,12.0166666666667,11.5833333333333,11.8041666666667,11.5875,13.6375,13.7416666666667,13.4166666666667,12.7291666666667,11.4875,11.0458333333333,11.0636363636364,11.4090909090909,11,10.3041666666667,11.7791666666667,10.4791666666667
145,13.6791666666667,13.6208333333333,13.3708333333333,12.7541666666667,12.0041666666667,11.8333333333333,11.7583333333333,11.7958333333333,13.6791666666667,13.6208333333333,13.3708333333333,12.7541666666667,11.275,11.225,11.4583333333333,11.395652173913,10.7,10.3375,11.85,10.7166666666667
146,13.6875,13.6583333333333,13.4916666666667,12.7583333333333,12.3208333333333,12.0041666666667,11.8833333333333,11.725,13.6875,13.6583333333333,13.4916666666667,12.7583333333333,11.6291666666667,11.7458333333333,11.3173913043478,11.3136363636364,10.8,10.1875,12.6083333333333,10.9458333333333
147,13.8791666666667,13.8666666666667,13.575,13.1541666666667,12.6708333333333,12.2291666666667,12.2666666666667,12.1625,13.8791666666667,13.8666666666667,13.575,13.1541666666667,12.2208333333333,12.4,11.35,11.1833333333333,10.9,10.5333333333333,11.8708333333333,11.3291666666667
148,14.0791666666667,13.9625,13.5583333333333,13.3833333333333,12.9041666666667,12.5583333333333,12.4125,12.4916666666667,14.0791666666667,13.9625,13.5583333333333,13.3833333333333,12.475,12.6875,11.6086956521739,11.4130434782609,11.1,11.0083333333333,12.0208333333333,11.8375
149,14.2416666666667,14.1666666666667,13.9458333333333,13.7375,13.2541666666667,12.9041666666667,12.8521739130435,12.8083333333333,14.2416666666667,14.1666666666667,13.9458333333333,13.7375,12.6,12.4375,11.775,11.6130434782609,11.8,11.325,12.225,12.2583333333333
150,14.4791666666667,14.5208333333333,14.0458333333333,14.2083333333333,13.4791666666667,13.1125,13.125,13.3,14.4791666666667,14.5208333333333,14.0458333333333,14.2083333333333,12.5916666666667,12.8416666666667,12.1652173913043,12.1136363636364,12.1,11.3083333333333,12.4625,12.4291666666667
151,14.875,14.6,14.3333333333333,14.425,13.6208333333333,13.525,13.475,13.7291666666667,14.875,14.6,14.3333333333333,14.425,13,12.72,12.5894736842105,12.5090909090909,12,11.6041666666667,12.495,12.5958333333333
152,15.01,14.9541666666667,14.6583333333333,14.5708333333333,14.0083333333333,13.8291666666667,13.9041666666667,13.9541666666667,15.01,14.9541666666667,14.6583333333333,14.5708333333333,13.15,13.3083333333333,12.8590909090909,12.6833333333333,12.5,11.9125,12.4333333333333,13.0625
153,15.2947368421053,15.25,15.025,14.7041666666667,14.3458333333333,14.3458333333333,14.4291666666667,14.0541666666667,15.2947368421053,15.25,15.025,14.7041666666667,13.6083333333333,13.7875,13.0739130434783,12.9318181818182,13.2,12.0833333333333,12.4708333333333,13.225
154,15.4363636363636,15.5625,15.3666666666667,15.0041666666667,14.7875,14.7916666666667,14.7416666666667,14.1708333333333,15.4363636363636,15.5625,15.3666666666667,15.0041666666667,13.8083333333333,13.6208333333333,13.4380952380952,13.4545454545455,13.2,12.2125,12.2375,13.1833333333333
155,15.6222222222222,15.7916666666667,15.5708333333333,15.275,15.2083333333333,14.9375,14.8416666666667,14.5,15.6222222222222,15.7916666666667,15.5708333333333,15.275,14.0291666666667,14.0416666666667,13.6619047619048,13.6,13.2,12.0625,12.4416666666667,13.3125
156,15.83125,15.9,15.6541666666667,15.5708333333333,15.3333333333333,15.0416666666667,14.8666666666667,14.6083333333333,15.83125,15.9,15.6541666666667,15.5708333333333,14.1833333333333,14.1666666666667,13.7454545454545,13.6772727272727,12.4,12.0125,12.2375,13.7916666666667
157,15.8478260869565,15.8181818181818,15.6666666666667,15.6875,15.2416666666667,15,14.9375,14.6541666666667,15.8478260869565,15.8181818181818,15.6666666666667,15.6875,14.0833333333333,13.9708333333333,13.525,13.3434782608696,12.6,11.7041666666667,12.1791666666667,13.8875
158,15.7208333333333,15.75,15.7291666666667,15.4041666666667,14.9791666666667,14.975,14.8708333333333,14.6458333333333,15.7208333333333,15.75,15.7291666666667,15.4041666666667,14.0454545454545,13.8454545454545,13.2,12.9818181818182,12.4,11.8166666666667,12.1958333333333,13.4208333333333
159,15.6833333333333,15.8166666666667,15.7458333333333,15.0708333333333,14.9875,14.9708333333333,14.7166666666667,14.2666666666667,15.6833333333333,15.8166666666667,15.7458333333333,15.0708333333333,,,13.0681818181818,12.8954545454545,12,11.95,12.1625,13.0708333333333
160,15.9666666666667,16.0583333333333,15.9,15.1833333333333,15.0708333333333,14.8416666666667,14.8875,13.8958333333333,15.9666666666667,16.0583333333333,15.9,15.1833333333333,,,13.0652173913043,12.8217391304348,12.8,12.0583333333333,12.525,13.3625
161,16.3541666666667,16.3166666666667,15.9791666666667,15.6,15.2041666666667,15.0125,14.9916666666667,13.7708333333333,16.3541666666667,16.3166666666667,15.9791666666667,15.6,14.2125,14.4666666666667,13.0782608695652,12.9136363636364,12.4,12.1333333333333,12.3,12.9333333333333
162,16.7625,16.4333333333333,16.3125,16.2166666666667,15.3416666666667,15.3,14.925,13.8541666666667,16.7625,16.4333333333333,16.3125,16.2166666666667,14.3166666666667,14.725,13.404347826087,13.2,12.7,12.3791666666667,12.5208333333333,13.0041666666667
163,17.0083333333333,16.6833333333333,16.5583333333333,16.3833333333333,15.6666666666667,15.3333333333333,14.9208333333333,14.1958333333333,17.0083333333333,16.6833333333333,16.5583333333333,16.3833333333333,14.375,15.0041666666667,13.6045454545455,13.3416666666667,13.1,12.825,13.0625,13.9
164,17.2083333333333,16.9583333333333,16.6125,16.5458333333333,16.025,15.3458333333333,15.0708333333333,15.0166666666667,17.2083333333333,16.9583333333333,16.6125,16.5458333333333,14.6375,14.5041666666667,14.0052631578947,13.5619047619048,13.8,13.0958333333333,13.6916666666667,14.5166666666667
165,17.2166666666667,16.8916666666667,16.5958333333333,16.6791666666667,16.1375,15.475,15.3375,15.975,17.2166666666667,16.8916666666667,16.5958333333333,16.6791666666667,14.95,14.7375,14.1545454545455,13.8869565217391,14,13.2708333333333,13.9583333333333,14.6125
166,17.1375,17.0583333333333,16.975,16.8083333333333,16.1125,15.4541666666667,15.6375,16.7458333333333,17.1375,17.0583333333333,16.975,16.8083333333333,14.9833333333333,15.1083333333333,14.4181818181818,14.3,14.4,13.525,14.275,15.175
167,17.175,17.5333333333333,17.4166666666667,16.8916666666667,16.075,15.4208333333333,16.3458333333333,17.0208333333333,17.175,17.5333333333333,17.4166666666667,16.8916666666667,15.2583333333333,15.6125,14.8318181818182,14.7958333333333,14.8,13.6666666666667,14.2208333333333,16.1125
168,17.5333333333333,17.8916666666667,17.6916666666667,17.0416666666667,16.0833333333333,15.8375,17.3458333333333,17.2416666666667,17.5333333333333,17.8916666666667,17.6916666666667,17.0416666666667,15.33,15.25,15.3260869565217,15.1478260869565,14.8,13.7083333333333,14.5291666666667,16.4291666666667
169,17.9083333333333,18.1458333333333,17.8666666666667,17.0583333333333,16.3333333333333,16.5375,17.8458333333333,17.5791666666667,17.9083333333333,18.1458333333333,17.8666666666667,17.0583333333333,15.8291666666667,15.5666666666667,15.4565217391304,15.2625,14.7,13.6958333333333,14.2333333333333,16.4875
170,17.8375,17.9291666666667,17.8708333333333,17.3458333333333,16.7166666666667,17.2291666666667,17.975,17.8125,17.8375,17.9291666666667,17.8708333333333,17.3458333333333,15.8833333333333,15.7083333333333,15.585,15.4761904761905,14.7,13.475,14.1125,16.4416666666667
171,17.5708333333333,17.675,17.9291666666667,17.35,17.0125,17.3791666666667,17.8916666666667,17.875,17.5708333333333,17.675,17.9291666666667,17.35,15.7416666666667,15.7208333333333,15.4363636363636,15.0208333333333,13.9,13.3083333333333,14.1291666666667,16.95
172,17.4833333333333,17.825,17.925,17.3125,17.1708333333333,17.4375,17.85,17.6791666666667,17.4833333333333,17.825,17.925,17.3125,15.7625,15.6375,14.9,14.5782608695652,13.8,13.1666666666667,14.1916666666667,16.95
173,17.575,17.9958333333333,17.9125,17.0666666666667,17.2666666666667,17.6125,17.9208333333333,17.2041666666667,17.575,17.9958333333333,17.9125,17.0666666666667,16.0416666666667,,14.7380952380952,14.3434782608696,14.3,13.3208333333333,15.0833333333333,16.7625
174,17.7375,18.0041666666667,17.8083333333333,16.7708333333333,17.5416666666667,17.7791666666667,17.9083333333333,16.2916666666667,17.7375,18.0041666666667,17.8083333333333,16.7708333333333,16.0416666666667,,14.6208333333333,14.5291666666667,14.2,13.5166666666667,14.9791666666667,16.0541666666667
175,17.8916666666667,17.8666666666667,17.6291666666667,16.9333333333333,17.7375,17.8416666666667,18,15.8916666666667,17.8916666666667,17.8666666666667,17.6291666666667,16.9333333333333,15.9958333333333,15.8625,14.7608695652174,14.5739130434783,14.1,13.4583333333333,14.5916666666667,15.8375
176,18.0416666666667,17.825,17.5583333333333,17.4916666666667,18.0041666666667,17.8625,18.0541666666667,15.8916666666667,18.0416666666667,17.825,17.5583333333333,17.4916666666667,16.0083333333333,16.0833333333333,14.9173913043478,14.7130434782609,14.1,13.4,15.3083333333333,16.0291666666667
177,17.9583333333333,17.775,17.6458333333333,17.7291666666667,18.2166666666667,17.9166666666667,17.825,16.0333333333333,17.9583333333333,17.775,17.6458333333333,17.7291666666667,15.7416666666667,15.8,14.8772727272727,14.647619047619,14.3,13.5666666666667,16.0958333333333,15.8833333333333
178,17.7833333333333,17.7875,17.75,17.8708333333333,18.4791666666667,18.0916666666667,17.1166666666667,16.1833333333333,17.7833333333333,17.7875,17.75,17.8708333333333,15.5166666666667,15.4769230769231,14.85,14.6227272727273,14.2,13.975,15.9125,15.4125
179,17.825,17.925,17.8083333333333,17.8458333333333,18.3958333333333,18.0583333333333,17.0833333333333,16.525,17.825,17.925,17.8083333333333,17.8458333333333,15.5458333333333,15.44,14.7,14.4857142857143,14.3,14.3625,15.9708333333333,15.4708333333333
180,18.0708333333333,18.1166666666667,17.8833333333333,17.7375,18.4333333333333,17.775,17.1583333333333,16.8375,18.0708333333333,18.1166666666667,17.8833333333333,17.7375,15.6416666666667,17.33,14.7523809523809,14.6954545454545,14.9,14.3416666666667,16.1166666666667,15.4708333333333
181,18.4,18.25,18.0125,17.725,18.5125,17.3625,17.0833333333333,16.8916666666667,18.4,18.25,18.0125,17.725,16.06,16.94,14.99,15.0181818181818,14.8,14.3875,16.75,15.1125
182,18.5666666666667,18.2958333333333,18.2416666666667,18.0041666666667,18.7541666666667,17.2083333333333,17.1208333333333,17.0625,18.5666666666667,18.2958333333333,18.2416666666667,18.0041666666667,16.0666666666667,16.35,15.4136363636364,15.4291666666667,15.0875,14.8791666666667,16.7791666666667,15.4833333333333
183,18.3958333333333,18.2208333333333,18.2916666666667,18.1083333333333,18.7625,17.25,17.2416666666667,17.5833333333333,18.3958333333333,18.2208333333333,18.2916666666667,18.1083333333333,16.1708333333333,15.825,15.8416666666667,15.6708333333333,15.4541666666667,14.95,17.4916666666667,15.8541666666667
184,18.2708333333333,18.325,18.4666666666667,18.4583333333333,18.8208333333333,17.8458333333333,17.8708333333333,18.2458333333333,18.2708333333333,18.325,18.4666666666667,18.4583333333333,16.0875,16.3041666666667,15.9904761904762,15.795652173913,15.5666666666667,14.8416666666667,17.6291666666667,15.7958333333333
185,18.4375,18.6583333333333,18.675,18.4625,18.6291666666667,17.6208333333333,18.5,18.7458333333333,18.4375,18.6583333333333,18.675,18.4625,16.4083333333333,16.6208333333333,16.1454545454545,16.0590909090909,15.5541666666667,15.2375,18.9416666666667,15.1791666666667
186,18.5833333333333,18.9208333333333,18.9375,18.3916666666667,18.4708333333333,17.4541666666667,18.5291666666667,19.1333333333333,18.5833333333333,18.9208333333333,18.9375,18.3916666666667,16.6166666666667,17.0541666666667,16.4708333333333,16.4708333333333,15.8166666666667,15.25,17.8333333333333,15.0208333333333
187,18.675,19.1208333333333,19.0625,18.4958333333333,18.5291666666667,17.8416666666667,18.4416666666667,19.3375,18.675,19.1208333333333,19.0625,18.4958333333333,16.9458333333333,17.3833333333333,16.7318181818182,16.3727272727273,16.0666666666667,15.3833333333333,17.4125,15.8708333333333
188,18.7291666666667,19.0833333333333,19.1083333333333,18.7708333333333,18.8208333333333,18.5625,18.675,19.3625,18.7291666666667,19.0833333333333,19.1083333333333,18.7708333333333,17.0583333333333,17.2083333333333,16.6590909090909,16.5761904761905,15.9875,15.3708333333333,17.7708333333333,16.8083333333333
189,18.9958333333333,19.1875,19.1875,18.8041666666667,18.6708333333333,18.7458333333333,19.5208333333333,19.5125,18.9958333333333,19.1875,19.1875,18.8041666666667,17.1625,17.8125,16.8,16.7,16.0958333333333,15.3291666666667,17.9666666666667,16.9958333333333
190,19.1958333333333,19.3625,19.2708333333333,18.8541666666667,18.7083333333333,18.6625,19.9416666666667,19.3625,19.1958333333333,19.3625,19.2708333333333,18.8541666666667,17.4916666666667,17.875,17.1136363636364,16.7619047619048,15.8875,15.3041666666667,17.7833333333333,16.6583333333333
191,19.2791666666667,19.4666666666667,19.3833333333333,19.1,18.85,18.7708333333333,20.0166666666667,18.9875,19.2791666666667,19.4666666666667,19.3833333333333,19.1,17.6666666666667,17.8416666666667,16.985,16.75,15.8208333333333,15.1375,17.6416666666667,16.1208333333333
192,19.5291666666667,19.6083333333333,19.5625,19.0916666666667,19.1375,19.1625,20.0166666666667,18.5333333333333,19.5291666666667,19.6083333333333,19.5625,19.0916666666667,17.8125,17.9583333333333,17.104347826087,16.7666666666667,15.9208333333333,15.7916666666667,17.3208333333333,15.7541666666667
193,19.8583333333333,19.8625,19.7625,19.3083333333333,19.4541666666667,19.8083333333333,20.15,18.3958333333333,19.8583333333333,19.8625,19.7625,19.3083333333333,17.9125,18.6416666666667,16.89,16.5545454545455,15.9541666666667,16.3916666666667,17.475,16.525
194,20.0291666666667,19.9458333333333,19.8666666666667,19.4791666666667,19.7,20.0083333333333,20.3166666666667,18.5166666666667,20.0291666666667,19.9458333333333,19.8666666666667,19.4791666666667,18.1833333333333,18.125,16.8375,16.6739130434783,16.5083333333333,16.25,17.5583333333333,17.0708333333333
195,20.1458333333333,20.0833333333333,20.0791666666667,19.8125,19.9166666666667,20.0916666666667,19.9625,18.5083333333333,20.1458333333333,20.0833333333333,20.0791666666667,19.8125,18.1583333333333,18.0583333333333,16.95,16.7136363636364,17.1,16.5166666666667,17.3666666666667,16.6083333333333
196,20.2625,20.2166666666667,20.225,20.0916666666667,20.4083333333333,20.3208333333333,20.0791666666667,18.8291666666667,20.2625,20.2166666666667,20.225,20.0916666666667,18.1625,17.9625,16.975,16.9625,16.9708333333333,16.7458333333333,17.0125,16.6625
197,20.375,20.3583333333333,20.3916666666667,20.1375,20.5875,20.3416666666667,19.8791666666667,19.25,20.375,20.3583333333333,20.3916666666667,20.1375,18.0708333333333,18.0791666666667,17.3304347826087,17.4130434782609,17.1166666666667,16.5541666666667,17.0541666666667,16.9833333333333
198,20.375,20.4916666666667,20.4458333333333,20.2291666666667,20.6521739130435,20.3125,19.55,19.325,20.375,20.4916666666667,20.4458333333333,20.2291666666667,17.9,17.7416666666667,17.665,17.45,17.0625,15.7333333333333,17.0458333333333,16.2583333333333
199,20.325,20.4916666666667,20.4791666666667,20.3666666666667,20.9291666666667,20.5083333333333,19.65,19.1375,20.325,20.4916666666667,20.4791666666667,20.3666666666667,17.775,17.5333333333333,17.6,17.5608695652174,16.4833333333333,16.0708333333333,16.9625,15.4541666666667
200,20.3458333333333,20.3791666666667,20.5291666666667,20.2541666666667,20.9916666666667,20.5333333333333,20.1791666666667,19.2041666666667,20.3458333333333,20.3791666666667,20.5291666666667,20.2541666666667,17.5125,17.8875,17.6,17.4478260869565,16.3708333333333,16.4,17.1666666666667,16.1375
201,20.4125,20.5083333333333,20.6708333333333,20.2125,20.9166666666667,20.0875,20.3125,19.0666666666667,20.4125,20.5083333333333,20.6708333333333,20.2125,17.8333333333333,18.9333333333333,17.6,17.0913043478261,16.8208333333333,16.3541666666667,17.1791666666667,17.0125
202,20.6041666666667,20.7416666666667,20.9916666666667,20.2166666666667,20.7208333333333,20.1291666666667,20.1625,18.8833333333333,20.6041666666667,20.7416666666667,20.9916666666667,20.2166666666667,18.3416666666667,19.3958333333333,17.6,17.2208333333333,17.0916666666667,16.5409090909091,17.35,17.1
203,20.7958333333333,21.0666666666667,21.0791666666667,20.2333333333333,20.7041666666667,20.2458333333333,20.1208333333333,18.6708333333333,20.7958333333333,21.0666666666667,21.0791666666667,20.2333333333333,18.6416666666667,19.2416666666667,17.5347826086957,17.325,17.1583333333333,16.4166666666667,17.3958333333333,16.775
204,20.9,21.0875,20.8916666666667,20.1291666666667,20.7458333333333,20.3125,20.0916666666667,18.2791666666667,20.9,21.0875,20.8916666666667,20.1291666666667,18.875,18.9291666666667,17.8352941176471,17.7368421052632,17.1130434782609,16.35,17.5375,16.9375
205,20.8916666666667,20.8,20.8958333333333,20.175,20.825,20.4583333333333,19.7708333333333,17.9833333333333,20.8916666666667,20.8,20.8958333333333,20.175,18.6375,18.4375,17.9277777777778,17.8,17.1791666666667,16.5333333333333,17.7708333333333,17.1125
206,21.1541666666667,20.95,21.1083333333333,20.5708333333333,21.1041666666667,20.9375,20.2791666666667,18.3708333333333,21.1541666666667,20.95,21.1083333333333,20.5708333333333,18.4083333333333,19.1125,17.985,17.6380952380952,17.1791666666667,17.0833333333333,17.55,17.2625
207,21.375,21.2916666666667,21.325,20.8291666666667,21.0375,20.75,20.2708333333333,19.125,21.375,21.2916666666667,21.325,20.8291666666667,18.4625,18.9583333333333,17.9571428571429,17.6952380952381,17.4291666666667,17.2208333333333,18.1083333333333,17.7375
208,21.2,21.4,21.2416666666667,20.7291666666667,20.9083333333333,20.2791666666667,19.675,19.25,21.2,21.4,21.2416666666667,20.7291666666667,18.8375,18.8208333333333,18.0217391304348,17.9708333333333,17.7708333333333,17.2125,18.025,16.8458333333333
209,21.3416666666667,21.2291666666667,21.3208333333333,20.8875,21.1833333333333,20.6458333333333,19.7583333333333,19.0041666666667,21.3416666666667,21.2291666666667,21.3208333333333,20.8875,18.8416666666667,19.4583333333333,18.1545454545455,18.0863636363636,17.9833333333333,17.4541666666667,17.7833333333333,17.2791666666667
210,21.4791666666667,21.4708333333333,21.4375,20.8166666666667,21.2583333333333,20.9916666666667,20.1625,19.0333333333333,21.4791666666667,21.4708333333333,21.4375,20.8166666666667,19.0291666666667,19.2875,18.3652173913043,18.3125,17.825,17.3833333333333,17.65,18.3083333333333
211,21.3625,21.4125,21.2875,20.7333333333333,21.2958333333333,20.4958333333333,19.9125,19.1708333333333,21.3625,21.4125,21.2875,20.7333333333333,19.025,18.8875,18.6608695652174,18.4708333333333,17.9125,17.2363636363636,17.7916666666667,17.6083333333333
212,21.2416666666667,21.2208333333333,21.275,21.0041666666667,21.1791666666667,20.2541666666667,20.0416666666667,18.9541666666667,21.2416666666667,21.2208333333333,21.275,21.0041666666667,19.11,19,18.5958333333333,18.3708333333333,17.7208333333333,17.5375,17.8291666666667,16.4791666666667
213,21.5166666666667,21.4333333333333,21.375,21.1083333333333,21.2521739130435,20.2208333333333,20.025,19.1208333333333,21.5166666666667,21.4333333333333,21.375,21.1083333333333,19.0833333333333,19.4208333333333,18.6619047619048,18.4,17.8708333333333,17.8375,17.8625,16.4541666666667
214,21.5375,21.5666666666667,21.525,21.0791666666667,21.35,20.1458333333333,19.9,19.3333333333333,21.5375,21.5666666666667,21.525,21.0791666666667,19.35,19.6541666666667,18.6045454545455,18.2565217391304,18.1875,17.9708333333333,18.1541666666667,16.6625
215,21.7583333333333,21.6666666666667,21.7291666666667,21.0791666666667,21.3916666666667,20.3833333333333,19.95,19.3333333333333,21.7583333333333,21.6666666666667,21.7291666666667,21.0791666666667,19.5291666666667,20.0208333333333,18.4708333333333,18.4083333333333,18.2916666666667,18.1541666666667,18.2375,15.7208333333333
216,21.9916666666667,21.9791666666667,22.1166666666667,21.2875,21.3208333333333,20.7208333333333,20.3125,19.6208333333333,21.9916666666667,21.9791666666667,22.1166666666667,21.2875,19.5791666666667,20.0458333333333,18.7136363636364,18.7478260869565,18.4041666666667,18.2708333333333,18.2416666666667,17.1458333333333
217,22.1833333333333,22.2291666666667,22.3208333333333,21.2791666666667,21.3208333333333,20.5125,19.975,19.7833333333333,22.1833333333333,22.2291666666667,22.3208333333333,21.2791666666667,19.6625,20.0958333333333,18.985,18.85,18.6041666666667,18.125,18.2666666666667,18.3041666666667
218,22.2708333333333,22.3875,22.2708333333333,21.5833333333333,21.2583333333333,20.3541666666667,19.975,19.8,22.2708333333333,22.3875,22.2708333333333,21.5833333333333,19.6458333333333,20.1583333333333,19.075,18.96,18.7208333333333,17.9666666666667,18.4,18.3541666666667
219,22.3,22.3375,22.3041666666667,21.7166666666667,21.2666666666667,20.4041666666667,20.05,19.7708333333333,22.3,22.3375,22.3041666666667,21.7166666666667,19.7666666666667,20.1958333333333,19.3047619047619,19.195,18.5041666666667,17.9875,18.6791666666667,17.9458333333333
220,22.1708333333333,22.0583333333333,22.3208333333333,21.6666666666667,21.3416666666667,20.4875,20.1375,20.0916666666667,22.1708333333333,22.0583333333333,22.3208333333333,21.6666666666667,19.7916666666667,20.05,19.5173913043478,19.2708333333333,18.4166666666667,18.2666666666667,18.8291666666667,18.5916666666667
221,21.9916666666667,21.9041666666667,22.4666666666667,21.6166666666667,21.475,20.8041666666667,20.7416666666667,19.4875,21.9916666666667,21.9041666666667,22.4666666666667,21.6166666666667,20.0083333333333,20.3625,19.4095238095238,19.0863636363636,18.5333333333333,18.3791666666667,19.0166666666667,18.6791666666667
222,21.9291666666667,22.175,22.3666666666667,21.7291666666667,21.5416666666667,20.8291666666667,20.5166666666667,19.05,21.9291666666667,22.175,22.3666666666667,21.7291666666667,20.0625,20.4125,19.2857142857143,18.8761904761905,18.5375,18.35,18.85,18.1458333333333
223,21.6916666666667,22.1666666666667,22.2458333333333,21.4708333333333,21.5208333333333,20.5916666666667,20.4666666666667,18.7666666666667,21.6916666666667,22.1666666666667,22.2458333333333,21.4708333333333,20.075,20.0458333333333,19.0791666666667,18.9125,18.6375,18.3625,19.025,17.3916666666667
224,21.6958333333333,21.95,22.175,21.2954545454545,21.5083333333333,20.775,20.4625,19.075,21.6958333333333,21.95,22.175,21.2954545454545,19.95,20.0625,19.1608695652174,19,18.7125,18.1083333333333,19.1,18.1291666666667
225,21.9625,22.15,22.2041666666667,21.3,21.5541666666667,21.2,21.0875,19.5208333333333,21.9625,22.15,22.2041666666667,21.3,20.0833333333333,20.6583333333333,19.2333333333333,19.0458333333333,18.5333333333333,18.0083333333333,18.8458333333333,18.325
226,22.3083333333333,22.2375,22.225,21.5791666666667,21.5291666666667,20.9208333333333,20.7125,19.4166666666667,22.3083333333333,22.2375,22.225,21.5791666666667,20.1916666666667,20.2958333333333,19.3619047619048,19.2,18.4291666666667,17.9333333333333,18.95,18.2666666666667
227,22.0958333333333,22.1875,22.1583333333333,21.5208333333333,21.4125,20.6375,20.2958333333333,19.2833333333333,22.0958333333333,22.1875,22.1583333333333,21.5208333333333,19.9375,20.0291666666667,19.3409090909091,19.1227272727273,18.4041666666667,18.5166666666667,18.9333333333333,18.7833333333333
228,21.9916666666667,21.8916666666667,22.1625,21.5125,21.3291666666667,20.7458333333333,19.9791666666667,19.1083333333333,21.9916666666667,21.8916666666667,22.1625,21.5125,19.8541666666667,19.9875,19.1782608695652,19.0347826086957,18.6083333333333,18.7208333333333,18.8458333333333,19.0375
229,21.6416666666667,21.5666666666667,22.0333333333333,21.6166666666667,21.4833333333333,21.0208333333333,20.0375,19.3458333333333,21.6416666666667,21.5666666666667,22.0333333333333,21.6166666666667,19.8,19.9291666666667,19.2181818181818,18.9818181818182,18.9125,18.7291666666667,19.0958333333333,18.8458333333333
230,21.425,21.6541666666667,21.9916666666667,21.7416666666667,21.675,21.1291666666667,20.7958333333333,19.9291666666667,21.425,21.6541666666667,21.9916666666667,21.7416666666667,20.0375,19.975,19.2136363636364,18.9136363636364,19.2083333333333,18.6875,19.1416666666667,18.6166666666667
231,21.35,21.7541666666667,22,21.5708333333333,21.6166666666667,20.7125,20.575,20.3166666666667,21.35,21.7541666666667,22,21.5708333333333,19.925,20.0125,19.175,19.1916666666667,19.1416666666667,18.65,18.7916666666667,18.2958333333333
232,21.4166666666667,21.875,22.0541666666667,21.3708333333333,21.5166666666667,21.0125,20.5333333333333,20.1625,21.4166666666667,21.875,22.0541666666667,21.3708333333333,19.9833333333333,20.4875,19.4869565217391,19.4782608695652,18.9791666666667,18.2166666666667,19.45,17.2916666666667
233,21.4652173913043,21.9375,21.9958333333333,21.4083333333333,21.4208333333333,20.5875,20.0916666666667,20.1125,21.4652173913043,21.9375,21.9958333333333,21.4083333333333,19.9625,19.7916666666667,19.6391304347826,19.4652173913043,18.75,18.1041666666667,19.3541666666667,17.3083333333333
234,21.3958333333333,21.6875,21.9583333333333,21.5708333333333,21.6083333333333,21.0125,20.175,19.9875,21.3958333333333,21.6875,21.9583333333333,21.5708333333333,19.725,19.7541666666667,19.5541666666667,19.3375,18.55,18.7875,19.175,17.7791666666667
235,21.4791666666667,21.7291666666667,21.9416666666667,21.5125,21.6958333333333,21.2125,21.0208333333333,19.9708333333333,21.4791666666667,21.7291666666667,21.9416666666667,21.5125,19.7458333333333,19.9875,19.4458333333333,19.1791666666667,18.7916666666667,18.7913043478261,19.3208333333333,18.775
236,21.5625,21.7958333333333,21.9,21.2625,21.5166666666667,20.775,20.8833333333333,20.0916666666667,21.5625,21.7958333333333,21.9,21.2625,19.8916666666667,19.8625,19.3333333333333,19.0375,19.0625,18.665,19.1333333333333,18.6583333333333
237,21.45,21.6041666666667,21.8583333333333,21.1916666666667,21.325,20.525,20.65,19.85,21.45,21.6041666666667,21.8583333333333,21.1916666666667,19.7958333333333,19.7666666666667,19.125,18.9166666666667,19.0791666666667,18.6869565217391,19.0291666666667,18.4666666666667
238,21.3791666666667,21.4875,21.8458333333333,21.2541666666667,21.2333333333333,21,20.9791666666667,19.8,21.3791666666667,21.4875,21.8458333333333,21.2541666666667,19.6875,20.2291666666667,19,19.1916666666667,18.9041666666667,18.68125,19.0625,18.7333333333333
239,21.3208333333333,21.6916666666667,22.1416666666667,21.5583333333333,21.4291666666667,21.1875,20.9916666666667,19.975,21.3208333333333,21.6916666666667,22.1416666666667,21.5583333333333,19.8791666666667,20.8166666666667,19.4,19.3083333333333,18.9125,18.52,19.2291666666667,18.8416666666667
240,21.4666666666667,21.8916666666667,22.1833333333333,21.3875,21.4375,21.1125,20.6130434782609,20.5708333333333,21.4666666666667,21.8916666666667,22.1833333333333,21.3875,20.0791666666667,20.1791666666667,19.5,19.2833333333333,18.8541666666667,18.4590909090909,19.3625,18.8291666666667
241,21.7041666666667,22.075,22.025,21.4375,21.325,21.0458333333333,20.6666666666667,20.2416666666667,21.7041666666667,22.075,22.025,21.4375,19.7833333333333,19.8458333333333,19.3791666666667,19.2541666666667,18.7041666666667,18.5375,19.9875,18.225
242,21.8375,21.9666666666667,21.9875,21.3333333333333,21.15,21.0125,20.3875,19.8666666666667,21.8375,21.9666666666667,21.9875,21.3333333333333,19.6230769230769,20.0333333333333,19.4166666666667,19.1875,18.725,18.9285714285714,22.0208333333333,18.3875
243,21.9625,21.975,22.0291666666667,21.2666666666667,21.1583333333333,21.0166666666667,20.3625,19.7166666666667,21.9625,21.975,22.0291666666667,21.2666666666667,,19.94,19.4375,19.1416666666667,19.0458333333333,19.1458333333333,21.8791666666667,17.775
244,22.1041666666667,22.0666666666667,22.025,21.325,21.2291666666667,20.9125,20.2875,19.55,22.1041666666667,22.0666666666667,22.025,21.325,20.125,20.0625,19.4625,19.2541666666667,19.3958333333333,19.2086956521739,21.1416666666667,17.1291666666667
245,22.1625,22.0583333333333,22.0583333333333,21.2583333333333,21.2708333333333,20.8791666666667,20.2625,19.5166666666667,22.1625,22.0583333333333,22.0583333333333,21.2583333333333,20.1,20.6833333333333,19.425,19.3208333333333,19.5875,19.3333333333333,20.9875,18.35
246,22.0708333333333,22.025,22.1125,21.3666666666667,21.2833333333333,21.0541666666667,20.3708333333333,19.9833333333333,22.0708333333333,22.025,22.1125,21.3666666666667,20.1833333333333,20.9541666666667,19.5166666666667,19.5791666666667,19.625,19.2363636363636,20.9125,18.8833333333333
247,21.9875,22.0083333333333,22.1291666666667,21.5416666666667,21.4125,20.9833333333333,20.1916666666667,20.2666666666667,21.9875,22.0083333333333,22.1291666666667,21.5416666666667,20.0958333333333,20.6416666666667,19.7416666666667,19.7208333333333,19.575,19.2285714285714,19.9541666666667,18.9625
248,21.9958333333333,22.0333333333333,22.3,21.6833333333333,21.4916666666667,20.94,20.3,20.35625,21.9958333333333,22.0333333333333,22.3,21.6833333333333,20.2291666666667,20.4125,19.9083333333333,19.9416666666667,19.6083333333333,19.0083333333333,20.4583333333333,18.9916666666667
249,21.9458333333333,22.1541666666667,22.3666666666667,21.8083333333333,21.4791666666667,,,,21.9458333333333,22.1541666666667,22.3666666666667,21.8083333333333,20.2125,20.8958333333333,20.0541666666667,19.875,19.4666666666667,18.8166666666667,20.7583333333333,18.9083333333333
250,21.9916666666667,22.2416666666667,22.425,21.7625,21.4333333333333,,,,21.9916666666667,22.2416666666667,22.425,21.7625,20.225,20.6375,20.0583333333333,20,19.4125,,21.35,18.1666666666667
251,21.7291666666667,22.0708333333333,22.1958333333333,21.5333333333333,21.4083333333333,,,,21.7291666666667,22.0708333333333,22.1958333333333,21.5333333333333,20.1583333333333,20.0041666666667,20.125,20.0166666666667,19.2333333333333,18.86,19.7347826086956,17.3291666666667
252,21.5041666666667,21.7875,22.15,21.325,21.4291666666667,,,,21.5041666666667,21.7875,22.15,21.325,20.0083333333333,19.9291666666667,20.0333333333333,19.9625,19.2333333333333,18.9,21.1708333333333,18.0125
253,21.4791666666667,21.6125,22.075,21.2625,21.4125,,,,21.4791666666667,21.6125,22.075,21.2625,19.825,20.2333333333333,19.9208333333333,19.8041666666667,19.0666666666667,18.7230769230769,21.1916666666667,18.1166666666667
254,21.4291666666667,21.5666666666667,21.9416666666667,21.2,21.1708333333333,,,,21.4291666666667,21.5666666666667,21.9416666666667,21.2,19.7958333333333,20.2416666666667,19.7875,19.6166666666667,18.9375,18.66,21.0541666666667,17.9791666666667
255,21.425,21.5791666666667,21.8791666666667,,21.1125,,,,21.425,21.5791666666667,21.8791666666667,,19.9583333333333,20.3416666666667,19.7041666666667,19.5041666666667,19,18.7052631578947,21.0458333333333,17.8416666666667
256,21.2791666666667,21.6291666666667,21.7791666666667,,,,,,21.2791666666667,21.6291666666667,21.7791666666667,,20.1041666666667,20.1083333333333,19.5291666666667,19.35,19.0291666666667,18.6,20.825,17.6833333333333
257,21.2041666666667,21.5,21.6083333333333,,,,,,21.2041666666667,21.5,21.6083333333333,,20.0125,19.9708333333333,19.2875,19.2041666666667,18.8666666666667,18.625,20.5583333333333,17.6583333333333
258,21.075,21.2333333333333,21.4916666666667,,,,,,21.075,21.2333333333333,21.4916666666667,,19.8,19.7458333333333,19.1375,18.9833333333333,18.5833333333333,18.46,20.925,17.5541666666667
259,20.825,21.025,21.3588235294118,,,,,,20.825,21.025,21.3588235294118,,19.5875,19.55,18.8416666666667,18.8208333333333,18.5375,18.4,21.0875,17.2791666666667
260,20.7538461538462,20.67,,,,,,,20.7538461538462,20.67,,,19.3,19.3458333333333,18.7666666666667,18.7166666666667,18.3875,18.2888888888889,20.8375,16.6583333333333
261,,,,,,,,,,,,,19.1625,19.2333333333333,18.5541666666667,18.5541666666667,18.2791666666667,18.3266666666667,20.6166666666667,17.0125
262,,,,,,,,,,,,,18.9708333333333,19.2,18.6083333333333,18.45,18.1958333333333,18.3578947368421,20.4583333333333,17.15
263,,,,,,,,,,,,,18.9291666666667,18.9666666666667,18.4958333333333,18.4875,18.2375,18.3666666666667,20.3375,17.1833333333333
264,,,,,,,,,,,,,18.6708333333333,18.6625,18.3875,18.4875,18.4416666666667,18.37,20.05,17.2708333333333
265,,,,,,,,,,,,,18.6625,18.6708333333333,18.4583333333333,18.4416666666667,18.4958333333333,18.3428571428571,20.2958333333333,17.3208333333333
266,,,,,,,,,,,,,18.5375,18.4625,18.2791666666667,18.3166666666667,18.3791666666667,18.3833333333333,20.2083333333333,17.1583333333333
267,,,,,,,,,,,,,18.3083333333333,18.2333333333333,18.2125,18.2208333333333,18.2291666666667,18.4318181818182,19.975,16.8875
268,,,,,,,,,,,,,18.0375,18.0458333333333,18.0833333333333,18.1666666666667,18.1208333333333,18.4583333333333,19.4583333333333,16.6041666666667
269,,,,,,,,,,,,,17.95,17.9791666666667,18.1916666666667,18.1333333333333,18.2375,18.4875,19.5708333333333,16.6333333333333
270,,,,,,,,,,,,,17.7041666666667,17.7666666666667,18,18.0666666666667,18.1083333333333,18.4478260869565,19.5125,16.4125
271,,,,,,,,,,,,,17.3166666666667,17.4458333333333,17.6333333333333,17.7875,17.875,18.2458333333333,19.3083333333333,15.7666666666667
272,,,,,,,,,,,,,16.7958333333333,16.8625,17.2833333333333,17.3625,17.4625,18,19.0916666666667,15.275
273,,,,,,,,,,,,,16,16.56,16.9416666666667,17.1208333333333,17.1083333333333,18.0333333333333,18.9416666666667,14.2791666666667
274,,,,,,,,,,,,,15.9958333333333,16.6541666666667,16.9375,17.0583333333333,17.2375,18.0333333333333,18.8416666666667,13.6125
275,,,,,,,,,,,,,16.225,16.4375,16.85,16.8791666666667,17.3375,17.85,18.7375,11.325
276,,,,,,,,,,,,,16.1875,16.3833333333333,16.7521739130435,16.8260869565217,17.4695652173913,17.7583333333333,18.6125,11.8333333333333
277,,,,,,,,,,,,,16.0458333333333,16.3208333333333,16.7291666666667,16.7916666666667,17.3833333333333,17.9708333333333,18.5125,11.4708333333333
278,,,,,,,,,,,,,15.9958333333333,16.1916666666667,16.5833333333333,16.8791666666667,17.2625,18.0666666666667,18.4708333333333,12.9416666666667
279,,,,,,,,,,,,,15.8291666666667,16.3333333333333,16.5708333333333,16.9333333333333,17.1583333333333,18.0375,18.3958333333333,12.9208333333333
280,,,,,,,,,,,,,15.8166666666667,16.2375,16.7041666666667,16.9,17.3291666666667,18.05,18.3,12.9791666666667
281,,,,,,,,,,,,,15.7208333333333,16.1375,16.6416666666667,16.7541666666667,17.3166666666667,17.95,18.2041666666667,12.3958333333333
282,,,,,,,,,,,,,15.5,15.8666666666667,16.2708333333333,16.5416666666667,16.8583333333333,17.7208333333333,18.0708333333333,12.1166666666667
283,,,,,,,,,,,,,15.3,15.6708333333333,16.1375,16.4041666666667,16.7291666666667,17.55,17.9125,11.6708333333333
284,,,,,,,,,,,,,15.1458333333333,15.4375,16.05,16.325,16.6791666666667,17.3333333333333,17.8,11.4
285,,,,,,,,,,,,,14.9916666666667,15.3625,15.95,16.1625,16.6333333333333,17.1,17.725,11.1916666666667
286,,,,,,,,,,,,,14.9541666666667,15.2625,15.8708333333333,16.0666666666667,16.5041666666667,17.05,17.675,11.0708333333333
287,,,,,,,,,,,,,14.8916666666667,15.2541666666667,15.7375,16.0416666666667,16.3125,17.05,17.6,10.9291666666667
288,,,,,,,,,,,,,14.8625,15.1291666666667,15.8375,16.1,16.2041666666667,17.1041666666667,17.5,10.8916666666667
289,,,,,,,,,,,,,14.8125,15.15,15.8541666666667,15.9708333333333,16.3583333333333,17.0583333333333,17.4666666666667,10.5666666666667
290,,,,,,,,,,,,,14.7875,15.1333333333333,15.825,15.8375,16.3173913043478,16.95,17.375,10.9083333333333
291,,,,,,,,,,,,,14.6333333333333,15.0333333333333,15.5875,15.6916666666667,16.1291666666667,16.8666666666667,17.2791666666667,10.8041666666667
292,,,,,,,,,,,,,14.5166666666667,14.9208333333333,15.3916666666667,15.65,15.9625,16.7916666666667,17.1833333333333,10.6375
293,,,,,,,,,,,,,14.275,14.7208333333333,15.2625,15.5666666666667,15.85,16.6916666666667,17.075,10.6125
294,,,,,,,,,,,,,14.2125,14.6291666666667,15.1333333333333,15.3458333333333,15.7208333333333,16.6333333333333,16.9708333333333,10.5916666666667
295,,,,,,,,,,,,,14.1958333333333,14.5958333333333,15.0565217391304,15.2291666666667,15.7125,16.6166666666667,16.8708333333333,10.6291666666667
296,,,,,,,,,,,,,14.0958333333333,14.4708333333333,14.6833333333333,15.1541666666667,15.6458333333333,16.5208333333333,16.7875,10.3833333333333
297,,,,,,,,,,,,,14.1416666666667,14.5541666666667,14.6916666666667,15.1416666666667,15.6791666666667,16.4190476190476,16.6916666666667,10.2083333333333
298,,,,,,,,,,,,,14.1583333333333,14.4958333333333,14.7791666666667,15.1333333333333,15.7458333333333,16.3,16.5958333333333,9.99583333333334
299,,,,,,,,,,,,,13.9083333333333,14.1791666666667,14.6625,15.0583333333333,15.5416666666667,16.1458333333333,16.425,9.74166666666667
300,,,,,,,,,,,,,13.6791666666667,14.0666666666667,14.5666666666667,14.95,15.1166666666667,15.9666666666667,16.2916666666667,9.5375
301,,,,,,,,,,,,,13.525,13.9291666666667,14.375,14.8166666666667,14.8458333333333,15.7125,16.1416666666667,9.375
302,,,,,,,,,,,,,13.3,13.4291666666667,14.175,14.6041666666667,14.6416666666667,15.3458333333333,15.9,8.9375
303,,,,,,,,,,,,,12.8083333333333,13.25,13.95,14.1208333333333,14.1333333333333,15.075,15.7291666666667,8.71666666666667
304,,,,,,,,,,,,,12.67,13.06,13.5333333333333,13.7666666666667,13.9363636363636,14.8041666666667,15.5625,8.6125
305,,,,,,,,,,,,,12.6,13.0583333333333,13.3208333333333,13.6,13.7958333333333,14.6125,15.4083333333333,8.44166666666667
306,,,,,,,,,,,,,12.6083333333333,12.9541666666667,13.2,13.4833333333333,13.7166666666667,14.3708333333333,15.2916666666667,8.44166666666667
307,,,,,,,,,,,,,12.5458333333333,12.8,13.095652173913,13.2304347826087,13.5130434782609,14.275,15.1541666666667,8.53333333333333
308,,,,,,,,,,,,,12.4416666666667,12.6416666666667,13.0208333333333,13.2,13.5041666666667,14.1708333333333,15.0541666666667,8.49583333333334
309,,,,,,,,,,,,,12.3375,12.5583333333333,13.0166666666667,13.1708333333333,13.5458333333333,13.9458333333333,14.9125,8.325
310,,,,,,,,,,,,,12.2333333333333,12.475,12.9208333333333,13.0583333333333,13.5458333333333,14.0125,14.8125,8.25
311,,,,,,,,,,,,,12.2041666666667,12.4416666666667,12.9041666666667,13.1291666666667,13.3708333333333,13.875,14.7166666666667,8.1125
312,,,,,,,,,,,,,12.15,12.3625,13,13.1375,13.4333333333333,13.7208333333333,14.5916666666667,8.05416666666667
313,,,,,,,,,,,,,12.0833333333333,12.2958333333333,12.9041666666667,13.0416666666667,13.2958333333333,13.6,14.4958333333333,8.05416666666667
314,,,,,,,,,,,,,12.0666666666667,12.3666666666667,12.9041666666667,13.0916666666667,13.1833333333333,13.5375,14.4041666666667,8.07916666666667
315,,,,,,,,,,,,,12.0833333333333,12.4458333333333,12.8791666666667,12.9125,13.1083333333333,13.3666666666667,14.2625,8.06666666666667
316,,,,,,,,,,,,,12.0791666666667,12.3333333333333,12.7083333333333,12.8166666666667,12.9791666666667,13.2833333333333,14.1416666666667,8.0875
317,,,,,,,,,,,,,11.9208333333333,12.2375,12.5833333333333,12.7375,12.9083333333333,13.0791666666667,14.0166666666667,8.05416666666667
318,,,,,,,,,,,,,11.8958333333333,12.1708333333333,12.5125,12.5833333333333,12.6958333333333,12.9541666666667,13.8541666666667,8.04583333333333
319,,,,,,,,,,,,,11.8791666666667,12.0708333333333,12.4166666666667,12.5541666666667,12.6041666666667,12.8708333333333,13.7375,7.9125
320,,,,,,,,,,,,,11.8,11.9958333333333,12.4,12.4333333333333,12.5541666666667,12.7291666666667,13.6208333333333,8.0875
321,,,,,,,,,,,,,11.7375,12.025,12.2583333333333,12.3,12.4166666666667,12.6291666666667,13.4708333333333,7.92916666666667
322,,,,,,,,,,,,,11.7291666666667,11.9208333333333,12.0666666666667,12.2041666666667,12.3333333333333,12.4958333333333,13.3583333333333,7.48333333333333
323,,,,,,,,,,,,,11.6541666666667,11.8958333333333,12.025,12.1333333333333,12.175,12.3291666666667,13.2833333333333,7.21666666666667
324,,,,,,,,,,,,,11.5625,11.7041666666667,11.8458333333333,12.0083333333333,12.0166666666667,12.05,12.9916666666667,7.27083333333333
325,,,,,,,,,,,,,11.3041666666667,11.4666666666667,11.6416666666667,11.7958333333333,11.7166666666667,11.775,12.8083333333333,7.325
326,,,,,,,,,,,,,11.0708333333333,11.2166666666667,11.4333333333333,11.525,11.3916666666667,11.4833333333333,12.6208333333333,7.425
327,,,,,,,,,,,,,10.8166666666667,10.9875,11.1958333333333,11.2666666666667,11.1833333333333,11.2208333333333,12.4583333333333,7.30416666666667
328,,,,,,,,,,,,,10.575,10.775,10.8875,10.9958333333333,10.8833333333333,11.2041666666667,12.325,7.25
329,,,,,,,,,,,,,10.3041666666667,10.55,10.6833333333333,10.775,10.7166666666667,11.1083333333333,12.1791666666667,6.55416666666667
330,,,,,,,,,,,,,10.0083333333333,10.4375,10.425,10.4625,10.6,10.8541666666667,11.9541666666667,6.2125
331,,,,,,,,,,,,,9.80833333333333,9.94583333333334,9.99583333333334,10.1625,10.2666666666667,10.5458333333333,11.6791666666667,6.42083333333333
332,,,,,,,,,,,,,9.2125,9.6,9.81666666666667,9.94583333333334,9.89583333333334,10.325,11.4416666666667,6.23333333333333
333,,,,,,,,,,,,,9.02083333333333,9.19166666666666,9.52916666666667,9.59583333333333,9.7875,10.0875,11.1958333333333,6
334,,,,,,,,,,,,,8.44,8.83,9.225,9.3125,9.61764705882353,10.1291666666667,10.9583333333333,5.925
335,,,,,,,,,,,,,8.37500000000001,8.75,9.025,9.19166666666666,9.50833333333333,9.85833333333334,10.7041666666667,5.84166666666667
336,,,,,,,,,,,,,8.31666666666667,8.5875,8.95416666666667,9.1,9.40833333333334,9.82727272727273,10.5,5.8
337,,,,,,,,,,,,,8.20416666666666,8.3625,8.92916666666667,9.06666666666666,9.30416666666667,,10.325,5.65416666666667
338,,,,,,,,,,,,,8.07916666666666,8.3125,8.9,9.05416666666667,9.20416666666666,,10.2291666666667,5.54583333333334
339,,,,,,,,,,,,,8.00833333333333,8.32916666666667,8.89166666666667,8.93333333333334,9.2,,10.0666666666667,5.5625
340,,,,,,,,,,,,,8.05416666666666,8.40833333333334,8.8875,9.02083333333333,9.20833333333333,,9.98333333333333,5.48333333333333
341,,,,,,,,,,,,,8.15833333333333,8.51666666666667,8.9125,9,9.23333333333333,,9.93333333333334,5.43333333333333
342,,,,,,,,,,,,,8.275,8.5875,8.92083333333334,9.025,9.1,,9.67083333333333,5.4375
343,,,,,,,,,,,,,8.32916666666667,8.52916666666667,8.9125,9,9.00416666666667,,9.2125,4.94166666666667
344,,,,,,,,,,,,,8.17916666666667,8.45416666666667,8.81666666666667,8.87500000000001,8.7875,,9.275,4.925
345,,,,,,,,,,,,,8.11666666666667,8.37916666666667,8.64166666666666,8.69166666666666,8.675,,9.27916666666667,4.9625
346,,,,,,,,,,,,,8.01666666666667,8.32083333333334,8.48333333333334,8.50416666666667,8.44583333333334,,9.1375,4.98636363636364
347,,,,,,,,,,,,,7.92083333333333,8.20833333333333,8.33333333333334,8.37916666666667,8.14583333333333,,9.06666666666666,5.04166666666667
348,,,,,,,,,,,,,7.85,8.04166666666667,8.19583333333333,8.225,7.94166666666667,,8.80833333333333,5.12916666666667
349,,,,,,,,,,,,,7.74583333333333,7.9125,7.99166666666667,7.97083333333334,7.78333333333333,,8.6125,5.2125
350,,,,,,,,,,,,,7.61,7.8,7.65,7.69583333333333,7.60416666666667,,8.42083333333333,4.94166666666667
351,,,,,,,,,,,,,7.35416666666667,7.55833333333333,7.45416666666667,7.425,7.4875,,8.34583333333334,4.94166666666667
352,,,,,,,,,,,,,7.20833333333333,7.37916666666667,7.375,7.27916666666666,7.31666666666667,,8.1875,4.7875
353,,,,,,,,,,,,,7.05,7.17916666666667,7.06666666666667,7.14583333333333,7.1625,,8.04166666666667,4.70416666666667
354,,,,,,,,,,,,,6.93333333333333,6.9625,6.91666666666667,7.03333333333333,7,,8,4.6625
355,,,,,,,,,,,,,6.8875,6.875,6.95,7,6.81666666666667,,7.92083333333334,4.87916666666667
356,,,,,,,,,,,,,6.85833333333334,6.80833333333333,6.82916666666667,6.925,6.89583333333333,,7.81666666666667,4.94166666666667
357,,,,,,,,,,,,,6.74166666666666,6.73333333333333,6.8,6.85833333333334,7.03333333333333,,7.2625,4.87916666666667
358,,,,,,,,,,,,,6.54583333333333,6.62916666666667,6.70416666666667,6.7375,7.10416666666667,,7.12083333333333,4.7375
359,,,,,,,,,,,,,6.45833333333333,6.52916666666667,6.62083333333333,6.8125,7.05833333333333,,6.97916666666667,4.70833333333333
360,,,,,,,,,,,,,6.34583333333333,6.43333333333334,6.6125,6.8,6.85,,6.6875,4.47916666666667
361,,,,,,,,,,,,,6.19583333333333,6.32083333333333,6.72083333333333,6.8,6.6125,,6.86666666666667,4.40416666666667
362,,,,,,,,,,,,,6.09583333333333,6.18333333333333,6.675,6.675,6.44166666666667,,6.9375,4.4375
363,,,,,,,,,,,,,5.97916666666667,6.175,6.52083333333333,6.50833333333334,6.25833333333333,,6.87916666666667,4.44166666666667
364,,,,,,,,,,,,,5.925,6.24583333333333,6.32916666666667,6.3375,6.1,,6.40416666666667,4.35416666666667
365,,,,,,,,,,,,,6.03304347826087,6.28434782608696,6.38125,6.2,6.09375,,6.68235294117647,4.25833333333333
Notes:
2019 Columbia Basin Daily Average Forebay Temperature (C)
Generated 03 Jun 2020 11:03:24 PDT. DART Columbia Basin Conditions www.cbr.washington.edu/dart/query/basin_conditions.

"DART Data Citation. Columbia River DART, Columbia Basin Research, University of Washington. (2020). Columbia Basin Conditions. Available from http://www.cbr.washington.edu/dart/query/basin_conditions."
