day,CCIW,TDDO,JHAW,MCPW,IDSW,LMNW,LGSW,LGNW,CCIW,TDDO,JHAW,MCPW,PRXW,WANW,RIGW,RRDW,WELW,CHQW,GCGW,CIBW
1,,6.35416666666667,6.55833333333333,6.09166666666667,5.15,4.6625,4.6,4.4375,,6.35416666666667,6.55833333333333,6.09166666666667,,6.35217391304348,6.23636363636364,6.4,6.2875,,6.62083333333333,4.0625
2,,6.275,6.47083333333333,6.025,5.08333333333333,4.46666666666667,4.52083333333333,4.37083333333334,,6.275,6.47083333333333,6.025,,6.12608695652174,6.05217391304348,6.17826086956522,6.27916666666667,,6.6,4.00833333333333
3,,6.2875,6.34583333333333,5.91666666666667,5.075,4.42916666666667,4.52916666666667,4.43333333333333,,6.2875,6.34583333333333,5.91666666666667,,5.99130434782609,6,6.20909090909091,6.2,,6.5,4.1875
4,,6.26666666666667,6.19166666666667,5.67083333333333,5.09583333333333,4.42916666666667,4.57916666666666,4.4625,,6.26666666666667,6.19166666666667,5.67083333333333,5.83478260869565,5.97391304347826,6.04782608695652,6.2304347826087,6.11666666666666,,6.4625,4.12083333333333
5,,6.225,6.075,5.425,5.00416666666667,4.38333333333333,4.54583333333333,4.40416666666667,,6.225,6.075,5.425,5.83478260869565,5.88260869565218,6.1,6.23181818181818,6.1125,,6.28333333333333,4.1125
6,,6.08333333333333,5.99583333333333,5.35833333333334,4.93333333333333,4.3,4.6,4.375,,6.08333333333333,5.99583333333333,5.35833333333334,5.7304347826087,5.80434782608696,6.07,6.17727272727273,6.17916666666667,,6.12916666666667,4.24166666666667
7,,5.90833333333334,5.8875,5.35416666666667,4.79166666666667,4.20833333333333,4.54166666666667,4.275,,5.90833333333334,5.8875,5.35416666666667,5.58260869565217,5.8,6,6.14347826086956,6.12916666666667,,5.9375,4.07916666666667
8,,5.8,5.74166666666667,5.3,4.65833333333333,4.1,4.43333333333333,4.12083333333333,,5.8,5.74166666666667,5.3,5.46521739130435,5.76521739130435,5.88571428571428,6.05,5.9625,,5.79166666666666,3.88333333333333
9,,5.7,5.63333333333333,5.25833333333333,4.6,4.1125,4.37916666666667,4.0875,,5.7,5.63333333333333,5.25833333333333,5.46086956521739,5.7,5.73636363636363,5.93181818181818,5.8375,,5.6625,3.89166666666667
10,,5.62083333333333,5.6,5.10416666666667,4.60833333333333,4.17083333333333,4.34166666666667,3.91666666666667,,5.62083333333333,5.6,5.10416666666667,5.5,5.63043478260869,5.8,5.9,5.75,,5.54166666666667,3.88333333333333
11,,5.56666666666667,5.53333333333333,4.95833333333334,4.5625,4.1625,4.3,3.7125,,5.56666666666667,5.53333333333333,4.95833333333334,5.46086956521739,5.63913043478261,5.8,5.91818181818182,5.64583333333333,,5.42083333333334,3.94166666666667
12,,5.5,5.43333333333334,4.925,4.4875,4.17916666666667,4.27083333333333,3.6,,5.5,5.43333333333334,4.925,5.44782608695652,5.68695652173913,5.8,5.87142857142857,5.55833333333333,,5.28333333333333,3.94166666666667
13,,5.47916666666667,5.275,5.06666666666666,4.4,4.18333333333333,4.3,3.6,,5.47916666666667,5.275,5.06666666666666,5.46956521739131,5.6,5.73,5.76190476190476,5.4375,,5.1625,4
14,,5.28333333333333,5.1375,5.07083333333333,4.325,4.25833333333334,4.3,3.6,,5.28333333333333,5.1375,5.07083333333333,5.3,5.5695652173913,5.55,5.62,5.22916666666667,,5.00416666666667,3.85
15,,5.02083333333333,5,4.96666666666667,4.2375,4.35833333333334,4.3125,3.63333333333333,,5.02083333333333,5,4.96666666666667,5.24347826086957,5.47391304347826,5.96666666666667,5.45909090909091,4.95416666666667,,4.9,3.78333333333333
16,,4.9,5,4.925,4.2375,4.31666666666667,4.23333333333333,3.6,,4.9,5,4.925,5.22173913043478,5.37391304347826,5.07272727272727,5.2,4.75416666666667,,4.8625,3.63333333333333
17,,4.9,4.90416666666667,4.9,4.28333333333333,4.3,4.19583333333333,3.6,,4.9,4.90416666666667,4.9,5.18260869565217,5.27391304347826,4.94090909090909,4.96956521739131,4.72083333333333,,4.76666666666667,3.57083333333333
18,,4.9,4.825,4.90416666666667,4.275,4.25416666666667,4.18333333333333,3.6,,4.9,4.825,4.90416666666667,5.21739130434783,5.18695652173913,4.8578947368421,4.81666666666667,4.7,,4.74583333333333,3.67916666666667
19,,4.9,4.79166666666667,4.95,4.32916666666667,4.26666666666667,4.19166666666667,3.64583333333333,,4.9,4.79166666666667,4.95,5.16086956521739,5.10434782608696,4.8,4.82173913043478,4.72083333333333,,4.73333333333333,3.87083333333333
20,,4.9,4.7,4.97916666666667,4.30833333333333,4.20416666666667,4.12083333333333,3.60416666666667,,4.9,4.7,4.97916666666667,5.05652173913043,5,4.79523809523809,4.86521739130435,4.675,,4.67916666666667,3.99166666666667
21,,4.8625,4.725,5.02083333333333,4.29166666666667,4.22083333333333,4.0625,3.50833333333333,,4.8625,4.725,5.02083333333333,4.8695652173913,4.90434782608696,4.7,4.81111111111111,4.55833333333333,,4.59166666666667,3.875
22,,4.84583333333333,4.76666666666666,5.09583333333333,4.3,4.18333333333333,3.90833333333333,3.3,,4.84583333333333,4.76666666666666,5.09583333333333,4.7304347826087,4.73478260869565,4.6304347826087,4.74782608695652,4.4375,,4.5,3.65
23,,4.925,4.85833333333334,5.15416666666667,4.32916666666667,4.3,3.95833333333334,3.19166666666667,,4.925,4.85833333333334,5.15416666666667,4.65217391304348,4.68260869565218,4.64347826086956,4.61304347826087,4.43333333333333,,4.5125,3.62916666666667
24,,5.0625,4.94166666666667,5.12916666666666,4.375,4.32083333333333,3.82083333333333,3.02083333333333,,5.0625,4.94166666666667,5.12916666666666,4.6,4.6304347826087,4.56666666666667,4.6125,4.37083333333333,,4.44583333333333,3.62083333333333
25,,5.06666666666666,4.95833333333333,4.97916666666667,4.35416666666667,4.3125,3.8,3.10833333333333,,5.06666666666666,4.95833333333333,4.97916666666667,,4.60869565217391,4.475,4.53809523809524,4.275,,4.375,3.76666666666667
26,,5.01666666666667,4.93333333333334,4.9,4.3,4.27083333333333,3.82916666666667,3.425,,5.01666666666667,4.93333333333334,4.9,4.49565217391304,4.6,4.4,4.5304347826087,4.175,,4.3,3.69583333333333
27,,5.00416666666667,4.90833333333333,4.86666666666667,4.3,4.20416666666667,3.86666666666667,3.74166666666666,,5.00416666666667,4.90833333333333,4.86666666666667,4.46086956521739,4.51304347826087,4.4125,4.47083333333333,4.20416666666667,,4.29166666666667,3.87083333333333
28,,5.0375,4.9,4.80416666666666,4.29166666666667,4.10833333333333,3.85833333333333,3.80416666666667,,5.0375,4.9,4.80416666666666,4.31739130434782,4.40434782608696,4.33181818181818,4.37619047619048,4.21666666666667,,4.22916666666667,3.53333333333333
29,,5,4.9,4.7,4.24583333333333,4.06666666666667,3.83333333333333,3.8,,5,4.9,4.7,4.17391304347826,4.32173913043478,4.17727272727273,4.26666666666667,4.125,,4.12916666666667,3.51666666666667
30,,4.90416666666667,4.9125,4.59583333333333,4.19583333333333,3.94166666666667,3.75416666666667,3.73333333333333,,4.90416666666667,4.9125,4.59583333333333,4.1304347826087,4.27391304347826,4.10434782608696,4.2304347826087,4.00833333333333,,4.07916666666667,3.44583333333333
31,,4.87916666666667,4.98333333333333,4.47083333333333,4.14166666666667,3.87083333333333,3.69166666666667,3.75833333333333,,4.87916666666667,4.98333333333333,4.47083333333333,4.05652173913044,4.15826086956522,4.03636363636364,4.22608695652174,4.00416666666667,,3.9875,3.40416666666667
32,,4.94583333333333,5,4.3625,4.1,3.80416666666666,3.56666666666667,3.8,,4.94583333333333,5,4.3625,3.97826086956522,4.05217391304348,4.06818181818182,4.17826086956522,3.97916666666667,,3.90833333333333,3.48333333333333
33,,5.025,4.93333333333333,4.22083333333333,4.13333333333333,3.85833333333333,3.5125,3.84166666666667,,5.025,4.93333333333333,4.22083333333333,3.95652173913044,4,4.05416666666667,4.1625,3.90833333333333,,3.92083333333333,3.575
34,,5.1,4.89583333333333,4.1875,4.1,3.9,3.47083333333333,3.9,,5.1,4.89583333333333,4.1875,3.93913043478261,4.02608695652174,4.1,4.15,3.79166666666667,,3.87916666666667,3.64166666666667
35,,4.97083333333333,4.79166666666667,3.86666666666667,3.86666666666667,3.80416666666667,3.45416666666667,3.87916666666667,,4.97083333333333,4.79166666666667,3.86666666666667,3.68695652173913,3.83913043478261,3.88571428571429,3.91363636363636,3.37083333333333,,3.78333333333333,3.2875
36,,4.71666666666667,4.64583333333333,3.6,3.70833333333333,3.675,3.40416666666667,3.7,,4.71666666666667,4.64583333333333,3.6,3.38260869565217,3.6,3.5,3.58181818181818,2.95416666666667,,3.64166666666667,2.97916666666667
37,,4.55,4.40833333333333,3.45416666666667,3.56666666666667,3.5125,3.47083333333333,3.54166666666667,,4.55,4.40833333333333,3.45416666666667,3.29130434782609,3.45652173913044,3.16666666666667,3.25454545454545,2.78333333333333,,3.51666666666667,2.75
38,,4.27083333333333,4.12916666666667,3.0625,3.4125,3.22083333333333,3.40833333333333,3.24166666666667,,4.27083333333333,4.12916666666667,3.0625,3.1,3.3,2.89,2.91904761904762,2.6875,,3.4625,2.54166666666667
39,,3.9875,3.93333333333333,2.60833333333333,3.24583333333333,3.0875,3.33333333333333,3.24583333333333,,3.9875,3.93333333333333,2.60833333333333,,3.1304347826087,2.64347826086957,2.74166666666667,2.775,,3.39166666666667,2.65833333333333
40,,3.71666666666667,3.74583333333333,2.36666666666667,3.09583333333333,2.85833333333333,3.24166666666667,3.32916666666667,,3.71666666666667,3.74583333333333,2.36666666666667,,2.75652173913044,2.43181818181818,2.62727272727273,2.70416666666667,,3.275,2.62916666666667
41,,3.50416666666667,3.5625,2.16666666666667,2.875,2.6625,3.075,3.2625,,3.50416666666667,3.5625,2.16666666666667,,2.4,2.4,2.65652173913044,2.6,,3.16666666666667,2.4125
42,,3.45833333333333,3.30416666666667,1.94583333333333,2.74166666666667,2.61666666666667,3.025,3.08333333333333,,3.45833333333333,3.30416666666667,1.94583333333333,,2.09130434782609,2.33913043478261,2.51304347826087,2.48333333333333,,3.05416666666667,2.5
43,,3.33333333333333,3.02083333333333,1.7625,2.59583333333333,2.63333333333334,3.02083333333333,2.70833333333333,,3.33333333333333,3.02083333333333,1.7625,,1.90434782608696,2.21666666666667,2.49583333333333,2.55416666666667,,3.12083333333333,2.40869565217391
44,,3.28333333333333,2.84166666666667,1.57916666666667,2.45833333333333,2.74583333333333,2.96666666666667,2.51666666666667,,3.28333333333333,2.84166666666667,1.57916666666667,,1.98260869565217,2.32727272727273,2.49130434782609,2.62083333333333,,3.11666666666667,2.42083333333333
45,,3.04583333333333,2.57391304347826,1.40833333333333,2.31666666666667,2.74583333333333,2.85833333333333,2.22916666666667,,3.04583333333333,2.57391304347826,1.40833333333333,,1.98695652173913,2.30909090909091,2.56086956521739,2.6125,,3.02916666666667,2.17083333333333
46,,2.7875,2.37916666666667,1.5625,2.22916666666667,2.77083333333333,2.82083333333333,2.05,,2.7875,2.37916666666667,1.5625,,2.04782608695652,2.42857142857143,2.66190476190476,2.61666666666667,,3.0375,2.23333333333333
47,,2.69166666666667,2.14166666666667,1.6625,2.34166666666667,2.8375,2.8125,2.05416666666667,,2.69166666666667,2.14166666666667,1.6625,,2.15652173913044,2.67894736842105,2.81428571428571,2.7,,3.02083333333333,2.2875
48,,2.5,1.90833333333333,1.7375,2.48333333333333,2.925,2.84583333333333,2.1,,2.5,1.90833333333333,1.7375,,2.30434782608696,2.77916666666667,2.91666666666667,2.7,,2.94583333333333,2.35416666666667
49,,2.32083333333333,1.94166666666667,1.73333333333333,2.5625,2.95833333333333,2.875,2.09166666666667,,2.32083333333333,1.94166666666667,1.73333333333333,,,2.8047619047619,2.94545454545455,2.7,,2.95416666666667,2.27826086956522
50,,2.23333333333333,1.95833333333333,1.875,2.6625,2.91666666666667,2.9,2.2125,,2.23333333333333,1.95833333333333,1.875,,,2.80952380952381,3.04090909090909,2.725,,2.9125,2.20416666666667
51,,2.29166666666667,2.02083333333333,2.0625,2.74583333333333,2.85,2.90833333333333,2.46666666666667,,2.29166666666667,2.02083333333333,2.0625,,,2.86875,2.9578947368421,2.75,,2.92916666666667,2.19130434782609
52,,2.35,1.9875,2.175,2.79166666666667,2.825,2.86666666666667,2.825,,2.35,1.9875,2.175,2.45333333333333,2.68695652173913,2.84736842105263,2.875,2.8625,,2.8625,2.2952380952381
53,,2.33333333333333,1.87083333333333,2.125,2.72916666666667,2.75416666666667,2.6,2.82916666666667,,2.33333333333333,1.87083333333333,2.125,,2.73913043478261,2.82272727272727,2.95833333333333,2.80416666666667,,2.75,2.15
54,,2.26666666666667,1.95416666666667,2.21666666666667,2.83333333333333,2.78333333333333,2.59166666666667,2.9625,,2.26666666666667,1.95416666666667,2.21666666666667,,2.7304347826087,2.85217391304348,2.98636363636364,2.6875,,2.7375,2.29545454545455
55,,2.23333333333333,2.05,2.30833333333333,2.82916666666667,2.725,2.40833333333333,2.99166666666667,,2.23333333333333,2.05,2.30833333333333,,2.69565217391304,2.82380952380952,2.96,2.69166666666667,,2.79166666666667,2.1304347826087
56,,2.19583333333333,2.1,2.2,2.80416666666667,2.7,2.28333333333333,2.95416666666667,,2.19583333333333,2.1,2.2,,2.61739130434783,2.79545454545454,2.89545454545455,2.78333333333333,,2.76666666666667,1.87777777777778
57,,2.20416666666667,2.04166666666667,2.22083333333333,2.74166666666667,2.65833333333333,2.2,2.74166666666667,,2.20416666666667,2.04166666666667,2.22083333333333,,2.67391304347826,2.74285714285714,2.90454545454545,2.73333333333333,,2.73333333333333,1.99583333333333
58,,2.18333333333333,2.05833333333333,2.1375,2.65,2.525,2.15833333333333,2.675,,2.18333333333333,2.05833333333333,2.1375,,2.6,2.71428571428571,2.90869565217391,2.56666666666667,2.68181818181818,2.70833333333333,1.85416666666667
59,,2.125,2.1625,2.07083333333333,2.6,2.4375,2.34583333333333,2.67916666666667,,2.125,2.1625,2.07083333333333,,2.59608695652174,2.76315789473684,2.95,2.52916666666667,2.69166666666667,2.725,1.875
60,,2.21666666666667,2.19166666666667,1.96666666666667,2.45416666666667,2.2625,2.625,2.74583333333333,,2.21666666666667,2.19166666666667,1.96666666666667,,2.59565217391304,2.87142857142857,2.94,2.57916666666667,2.71666666666667,2.72916666666667,1.94583333333333
61,,2.30833333333333,2.19583333333333,1.98333333333333,2.375,2.14583333333333,2.775,2.85416666666667,,2.30833333333333,2.19583333333333,1.98333333333333,,2.51666666666667,2.76666666666667,2.83,2.74166666666667,2.71666666666667,2.7,1.86666666666667
62,,2.2875,2.10416666666667,2.03333333333333,2.36666666666667,2.04583333333333,2.81666666666667,2.75833333333333,,2.2875,2.10416666666667,2.03333333333333,,,2.70869565217391,2.825,2.775,2.70416666666667,2.63333333333333,1.6875
63,,2.27083333333333,2.02916666666667,2.05833333333333,2.34583333333333,2.02916666666667,2.84583333333333,2.675,,2.27083333333333,2.02916666666667,2.05833333333333,,,2.67826086956522,2.87083333333333,2.60434782608696,2.69583333333333,2.57916666666667,1.675
64,,2.10833333333333,1.9,2.01666666666667,2.19166666666667,2.15416666666667,2.82916666666667,2.675,,2.10833333333333,1.9,2.01666666666667,,,2.8,2.92173913043478,2.55833333333333,2.60416666666667,2.55416666666667,1.69166666666667
65,,1.9875,1.84166666666667,1.99583333333333,2.04583333333333,2.4375,2.8,2.7625,,1.9875,1.84166666666667,1.99583333333333,,,2.73809523809524,2.77272727272727,2.51666666666667,2.49583333333333,2.49583333333333,1.74583333333333
66,,2.0125,1.88333333333333,1.95833333333333,1.94166666666667,2.6,2.8125,2.92083333333333,,2.0125,1.88333333333333,1.95833333333333,,,2.7,2.72272727272727,2.5,2.55833333333333,2.42083333333333,1.77083333333333
67,,2.19583333333333,1.95833333333333,2.22608695652174,1.95,2.75833333333333,2.91666666666667,3.03333333333333,,2.19583333333333,1.95833333333333,2.22608695652174,,,2.74285714285714,2.76521739130435,2.59166666666667,2.57916666666667,2.35416666666667,1.86666666666667
68,,2.25833333333333,1.9125,2.39166666666667,2.0375,2.86666666666667,3,3.03333333333333,,2.25833333333333,1.9125,2.39166666666667,,,2.76363636363636,2.83043478260869,2.58333333333333,2.5625,2.35,1.82608695652174
69,,2.22173913043478,1.95217391304348,2.58260869565217,2.27826086956522,2.93913043478261,2.98260869565217,3.14782608695652,,2.22173913043478,1.95217391304348,2.58260869565217,,,2.72222222222222,2.84,2.52272727272727,2.52857142857143,2.4125,1.82
70,,2.25,2.0875,2.77916666666667,2.475,2.975,2.93333333333333,3.32083333333333,,2.25,2.0875,2.77916666666667,,,2.81,2.87619047619048,2.53333333333333,,2.36666666666667,1.51666666666667
71,,2.42916666666667,2.325,2.87083333333333,2.7625,3.0375,2.95,3.8375,,2.42916666666667,2.325,2.87083333333333,,,2.75454545454545,2.89130434782609,2.4875,,2.36666666666667,2.17894736842105
72,,2.80416666666667,2.54583333333333,3.00833333333333,2.9375,3.08333333333333,3.11666666666667,4.11666666666667,,2.80416666666667,2.54583333333333,3.00833333333333,,,2.84545454545455,2.90909090909091,2.37083333333333,2.57272727272727,2.37083333333333,2.00833333333333
73,3.2,3.09166666666667,2.725,3.1625,3.04166666666667,3.1625,3.2625,4.21666666666667,3.2,3.09166666666667,2.725,3.1625,3.18,,2.98695652173913,2.96086956521739,2.43333333333333,2.5625,2.40416666666667,1.925
74,3.34166666666667,3.27916666666667,2.90833333333333,3.36666666666667,3.18333333333333,3.30833333333333,3.44166666666667,4.25,3.34166666666667,3.27916666666667,2.90833333333333,3.36666666666667,3.21304347826087,,2.995,3.00869565217391,2.59166666666667,2.65,2.3875,1.96666666666667
75,3.57916666666667,3.40833333333333,3.05416666666667,3.47916666666667,3.34583333333333,3.4625,3.575,4.29583333333333,3.57916666666667,3.40833333333333,3.05416666666667,3.47916666666667,3.35652173913043,,3.07391304347826,2.97083333333333,2.7375,2.67916666666667,2.3875,2.26521739130435
76,3.84583333333333,3.64166666666667,3.15416666666667,3.77083333333334,3.49166666666667,3.6625,3.8,4.4875,3.84583333333333,3.64166666666667,3.15416666666667,3.77083333333334,3.48260869565217,,3.07894736842105,3.035,2.8875,2.75833333333333,2.41666666666667,2.76666666666667
77,4.0875,3.7875,3.35416666666667,4.1625,3.64583333333333,3.90416666666667,4.1875,4.70833333333333,4.0875,3.7875,3.35416666666667,4.1625,3.66521739130435,,3.16363636363636,3.2,2.98333333333333,2.825,2.42083333333333,2.875
78,4.325,3.9875,3.6125,4.40833333333333,3.8375,4.09583333333333,4.59583333333333,4.975,4.325,3.9875,3.6125,4.40833333333333,3.88260869565217,3.62857142857143,3.33181818181818,3.42272727272727,3.1,2.825,2.4375,2.9875
79,4.56666666666667,4.24166666666667,3.8875,4.6625,4.06666666666667,4.28333333333333,4.89166666666667,5.3,4.56666666666667,4.24166666666667,3.8875,4.6625,4.0304347826087,3.67826086956522,3.63913043478261,3.54782608695652,3.21666666666667,2.92916666666667,2.5125,3.19166666666667
80,4.65,4.59166666666667,4.1875,4.8875,4.3375,4.57083333333333,5.03333333333333,5.675,4.65,4.59166666666667,4.1875,4.8875,4.27391304347826,3.78695652173913,3.74583333333333,3.72916666666667,3.375,2.9875,2.52916666666667,3.47916666666667
81,4.80833333333334,4.8875,4.4125,5.175,4.625,5.125,5.30416666666667,6.07916666666667,4.80833333333334,4.8875,4.4125,5.175,4.52916666666667,3.9875,3.975,3.87727272727273,3.47916666666667,3.02916666666667,2.59583333333333,3.25416666666667
82,5.16666666666667,5.15416666666667,4.72083333333333,5.39166666666667,4.94583333333333,5.6375,5.575,6.4625,5.16666666666667,5.15416666666667,4.72083333333333,5.39166666666667,4.75833333333333,4.21666666666667,4.195,4.0047619047619,3.62916666666667,3.125,2.73333333333333,3.77916666666667
83,5.5125,5.47083333333333,5.025,5.725,5.34166666666667,5.81666666666667,5.86666666666667,6.67083333333333,5.5125,5.47083333333333,5.025,5.725,4.89583333333333,4.40833333333333,4.3952380952381,4.12857142857143,3.66666666666667,3.175,2.72083333333333,3.89583333333333
84,5.74166666666667,5.64583333333333,5.52916666666667,6.00416666666666,5.66666666666667,5.9875,6.25416666666667,6.84166666666667,5.74166666666667,5.64583333333333,5.52916666666667,6.00416666666666,4.90833333333333,4.40833333333333,4.41304347826087,4.19565217391304,3.8875,3.17391304347826,2.725,3.925
85,5.85416666666667,5.85416666666667,5.7125,6.15416666666667,5.97916666666666,6.26666666666667,6.64583333333334,7.0875,5.85416666666667,5.85416666666667,5.7125,6.15416666666667,4.9875,4.6,4.48095238095238,4.3375,3.82916666666667,3.27083333333333,2.80416666666667,3.99166666666667
86,6,6.075,5.975,6.38333333333334,6.20833333333334,6.5375,6.9125,6.81666666666666,6,6.075,5.975,6.38333333333334,5.10416666666667,4.7625,4.59,4.48,3.76666666666667,3.30833333333333,2.79166666666667,3.6625
87,6.13333333333333,6.2,6.22916666666667,6.31666666666667,6.45416666666667,6.91666666666667,7.1625,6.78333333333333,6.13333333333333,6.2,6.22916666666667,6.31666666666667,5.21666666666667,4.89166666666667,4.56875,4.54705882352941,4,3.36666666666667,2.825,3.80416666666667
88,6.47083333333333,6.58333333333333,6.50416666666666,6.6625,6.70416666666667,7.19583333333334,7.37083333333334,6.97916666666667,6.47083333333333,6.58333333333333,6.50416666666666,6.6625,5.4,5.0375,4.88333333333333,4.62173913043478,4.09166666666667,3.37083333333333,2.85,4.12083333333333
89,6.73333333333333,6.86666666666667,6.6625,6.70416666666667,7.13333333333333,7.45416666666667,7.30416666666667,6.87916666666667,6.73333333333333,6.86666666666667,6.6625,6.70416666666667,5.5875,5.13333333333333,4.95454545454545,4.61739130434782,4.17083333333333,3.45,2.98333333333333,4.54166666666667
90,7.12916666666667,7.05833333333333,6.90833333333333,6.95416666666666,7.475,7.7,7.29583333333334,7.025,7.12916666666667,7.05833333333333,6.90833333333333,6.95416666666666,5.78,5.22,5.00454545454545,4.77391304347826,4.19565217391304,3.4875,3.01666666666667,4.67083333333333
91,7.39583333333333,7.26666666666667,7.25416666666667,7.29583333333333,7.72916666666667,7.7875,7.57916666666666,7.4,7.39583333333333,7.26666666666667,7.25416666666667,7.29583333333333,5.975,5.47083333333333,5.15555555555556,4.97894736842105,4.3,3.49583333333333,3.0375,5.16666666666667
92,7.56666666666666,7.46666666666667,7.33333333333334,7.59166666666666,8.03333333333333,7.86666666666667,7.70434782608696,7.81666666666667,7.56666666666666,7.46666666666667,7.33333333333334,7.59166666666666,6.12916666666667,5.67083333333333,5.005,5.08181818181818,4.3,3.57916666666666,3.075,5.00416666666667
93,7.68333333333334,7.63333333333334,7.43333333333333,7.85416666666667,8.2625,8.09166666666666,7.82916666666667,8.17083333333333,7.68333333333334,7.63333333333334,7.43333333333333,7.85416666666667,6.3875,5.9,5.12727272727273,5.16363636363636,4.525,3.6875,3.14583333333333,5.09166666666667
94,7.87083333333333,7.825,7.6,8.0875,8.3375,8.25000000000001,8.05416666666666,8.4125,7.87083333333333,7.825,7.6,8.0875,6.5125,6.02916666666667,5.54285714285714,5.26086956521739,4.63333333333333,3.82083333333333,3.2,5.60833333333333
95,8.05416666666666,7.99166666666666,7.8625,8.44583333333333,8.45416666666667,8.29583333333334,8.4125,8.75833333333334,8.05416666666666,7.99166666666666,7.8625,8.44583333333333,6.64166666666666,6.04583333333333,5.655,5.37272727272727,4.65833333333333,3.86666666666667,3.22083333333333,5.7375
96,8.11666666666666,8.05,8.0875,8.56666666666666,8.54583333333333,8.34583333333333,8.65833333333333,8.8375,8.11666666666666,8.05,8.0875,8.56666666666666,6.69583333333334,6.1,5.61578947368421,5.4,4.7375,3.85416666666667,3.24583333333333,5.60416666666667
97,8.1625,8.25,8.17083333333333,8.59583333333333,8.5625,8.64583333333333,8.87916666666667,8.79583333333334,8.1625,8.25,8.17083333333333,8.59583333333333,6.675,6.225,5.68421052631579,5.36842105263158,4.675,3.92916666666667,3.32916666666667,5.6375
98,8.23333333333334,8.3375,8.39166666666667,8.54166666666667,8.67083333333333,8.90416666666667,9.19166666666667,8.68333333333333,8.23333333333334,8.3375,8.39166666666667,8.54166666666667,6.725,6.19583333333333,5.695,5.41904761904762,4.7375,3.83333333333333,3.32916666666667,5.975
99,8.39583333333333,8.50416666666666,8.67916666666667,8.625,8.92083333333333,9.175,9.19166666666666,8.10833333333333,8.39583333333333,8.50416666666666,8.67916666666667,8.625,6.9125,6.27083333333334,5.67894736842105,5.495,4.88333333333333,3.8875,3.40833333333333,6.23333333333333
100,8.61666666666666,8.7375,8.94583333333333,8.5375,9.20416666666667,9.175,8.69583333333333,7.6875,8.61666666666666,8.7375,8.94583333333333,8.5375,6.8375,6.3,5.84210526315789,5.51052631578947,4.775,3.77916666666667,3.44166666666667,5.77083333333333
101,8.98333333333333,8.99166666666667,9,8.85833333333333,9.27083333333333,8.6875,8.20833333333333,7.55416666666666,8.98333333333333,8.99166666666667,9,8.85833333333333,6.875,6.27916666666667,5.79047619047619,5.52727272727273,4.85416666666667,3.83333333333333,3.54166666666667,6.68333333333333
102,9.28333333333334,9.10833333333333,9.06666666666666,9.26666666666667,8.97916666666667,8.36666666666667,8.0625,7.6125,9.28333333333334,9.10833333333333,9.06666666666666,9.26666666666667,6.975,6.375,5.86521739130435,5.66666666666667,4.89583333333333,3.95,3.59583333333333,6.74583333333334
103,9.33333333333334,9.125,9.1,9.525,8.56666666666666,8.20833333333333,7.98333333333333,8.0125,9.33333333333334,9.125,9.1,9.525,6.95833333333333,6.4,6.03333333333333,5.69047619047619,4.90833333333333,3.88333333333333,3.575,6.65833333333333
104,9.2625,9.05,9.1,9.15,8.37083333333334,8.0875,8.0375,8.43333333333333,9.2625,9.05,9.1,9.15,6.85833333333334,6.4,5.91052631578947,5.7,4.9625,4.00833333333333,3.7125,6.70416666666667
105,9.17916666666667,9.10833333333333,9.275,8.9625,8.27083333333334,8.09583333333333,8.37083333333333,8.8125,9.17916666666667,9.10833333333333,9.275,8.9625,6.90833333333333,6.4,5.76818181818182,5.63478260869565,4.9625,4.0625,3.75416666666667,6.58333333333333
106,9.34166666666667,9.47083333333333,9.5,8.7875,8.34583333333334,8.37916666666667,8.85,9.04583333333333,9.34166666666667,9.47083333333333,9.5,8.7875,7,6.45,5.84,5.58095238095238,4.9875,4.15833333333333,3.82083333333333,6.41666666666667
107,9.67916666666667,9.82083333333333,9.63749999999999,8.82916666666667,8.57083333333333,8.87083333333333,9.35416666666667,9.12083333333333,9.67916666666667,9.82083333333333,9.63749999999999,8.82916666666667,,6.7,5.95,5.74090909090909,5.025,4.2375,3.95416666666667,6.67083333333333
108,10.125,10.0916666666667,9.9,9.1,9.03333333333333,9.425,9.675,9.50416666666666,10.125,10.0916666666667,9.9,9.1,,6.7875,6.11052631578947,5.845,5.175,4.35,4.04583333333333,6.62083333333333
109,10.5208333333333,10.4291666666667,10.1083333333333,9.5125,9.59166666666667,9.92083333333333,9.86666666666667,9.94583333333333,10.5208333333333,10.4291666666667,10.1083333333333,9.5125,,6.9625,6.24761904761905,5.92608695652174,5.275,4.38333333333334,4.1375,6.5375
110,10.7875,10.6083333333333,10.4208333333333,9.82083333333333,10.0541666666667,10.1458333333333,10.0916666666667,10.4333333333333,10.7875,10.6083333333333,10.4208333333333,9.82083333333333,,7.075,6.30909090909091,5.89545454545455,5.41666666666667,4.55833333333333,4.29583333333333,6.73333333333333
111,10.925,10.6541666666667,10.4125,10.1958333333333,10.3333333333333,10.2458333333333,10.3833333333333,10.8791666666667,10.925,10.6541666666667,10.4125,10.1958333333333,,7.10833333333333,6.515,6.10952380952381,5.66666666666667,4.72083333333333,4.325,6.80416666666667
112,10.9166666666667,10.7291666666667,10.4583333333333,10.6041666666667,10.525,10.5916666666667,11.0041666666667,10.35,10.9166666666667,10.7291666666667,10.4583333333333,10.6041666666667,,7.20416666666666,6.63478260869565,6.425,6.01666666666667,4.77916666666667,4.475,6.87916666666667
113,11.0291666666667,10.8875,10.5541666666667,10.9083333333333,10.8833333333333,11.1791666666667,11.0333333333333,10.0458333333333,11.0291666666667,10.8875,10.5541666666667,10.9083333333333,,7.43333333333333,6.03333333333333,6.525,6.1125,5.00416666666667,4.77083333333333,7.05833333333333
114,11.1916666666667,10.9458333333333,10.8666666666667,11.1375,11.3875,11.3083333333333,10.6541666666667,10.1375,11.1916666666667,10.9458333333333,10.8666666666667,11.1375,,7.47916666666667,6.75555555555556,6.885,6.09583333333333,5.15833333333333,4.81666666666667,7.3125
115,11.2083333333333,11.2041666666667,11.3041666666667,11.1375,11.525,10.875,10.4791666666667,10.3833333333333,11.2083333333333,11.2041666666667,11.3041666666667,11.1375,,7.52916666666667,7.18636363636364,6.92173913043478,5.925,5.20833333333333,4.94166666666667,7.57083333333333
116,11.4375,11.5291666666667,11.55,11.0041666666667,11.15,10.6958333333333,10.5791666666667,10.3083333333333,11.4375,11.5291666666667,11.55,11.0041666666667,8.12083333333333,7.625,6.87272727272727,6.7304347826087,5.97916666666667,5.40833333333333,5.23333333333333,8.06666666666667
117,11.5625,11.6708333333333,11.725,10.9,10.8833333333333,10.7291666666667,10.5625,10.075,11.5625,11.6708333333333,11.725,10.9,8.15416666666667,7.75416666666667,7.02222222222222,6.75909090909091,6.27916666666667,5.45,5.1375,8.1
118,11.6833333333333,11.7625,11.7666666666667,10.7125,10.8041666666667,10.6416666666667,10.3791666666667,9.8625,11.6833333333333,11.7625,11.7666666666667,10.7125,7.99166666666666,7.76666666666667,6.955,6.8,6.35833333333333,5.57083333333333,5.2375,8.34166666666667
119,11.95,11.8666666666667,11.825,10.4958333333333,10.8291666666667,10.55,10.1583333333333,9.9,11.95,11.8666666666667,11.825,10.4958333333333,8.14583333333333,7.6875,6.69545454545454,6.91363636363636,6.2375,5.74583333333333,5.75416666666667,8.18333333333334
120,12.125,11.8791666666667,11.7,10.475,10.7625,10.4166666666667,10.1458333333333,9.90833333333334,12.125,11.8791666666667,11.7,10.475,7.94,7.61,7.13333333333333,6.96666666666667,6.36666666666667,5.63333333333333,6.3375,7.975
121,12.0958333333333,11.825,11.5625,10.325,10.7083333333333,10.375,10.2291666666667,10.0375,12.0958333333333,11.825,11.5625,10.325,7.96875,7.5875,6.65,6.9,6.2875,5.9125,6.62083333333333,8.0375
122,11.9666666666667,11.6541666666667,11.3416666666667,10.3166666666667,10.6916666666667,10.4,10.2458333333333,10.075,11.9666666666667,11.6541666666667,11.3416666666667,10.3166666666667,,7.7,7.24782608695652,7.06521739130435,6.49583333333333,6.37083333333333,6.60833333333333,8.1125
123,11.9,11.6208333333333,11.4083333333333,10.4041666666667,10.7375,10.55,10.3875,10.1625,11.9,11.6208333333333,11.4083333333333,10.4041666666667,8.19166666666667,7.8625,7.12777777777778,7.03478260869565,7.04166666666667,6.91666666666667,6.85833333333333,8.20416666666667
124,11.9375,11.7833333333333,11.4125,10.6375,10.9,10.6583333333333,10.5916666666667,10.6333333333333,11.9375,11.7833333333333,11.4125,10.6375,8.47083333333333,7.97083333333333,7.4,7.27647058823529,7.57083333333334,7.1875,7.11666666666667,8.12083333333333
125,12.2166666666667,11.925,11.5666666666667,10.9375,11.0916666666667,10.9,10.75,11.2583333333333,12.2166666666667,11.925,11.5666666666667,10.9375,8.69166666666667,8.27916666666667,7.90454545454545,7.8695652173913,7.99166666666666,7.35416666666667,7.125,8.15416666666667
126,12.4333333333333,12.0791666666667,11.8208333333333,11.2541666666667,11.3041666666667,11.1041666666667,11.1208333333333,11.95,12.4333333333333,12.0791666666667,11.8208333333333,11.2541666666667,8.96666666666667,8.40833333333333,8.5,8.37727272727273,8.21666666666667,7.475,7.375,8.4375
127,12.5875,12.2541666666667,12.0708333333333,11.4666666666667,11.5208333333333,11.3333333333333,11.6875,12.6458333333333,12.5875,12.2541666666667,12.0708333333333,11.4666666666667,9.13333333333333,8.64166666666667,8.93043478260869,8.78695652173913,8.42083333333333,7.72083333333333,7.21666666666667,8.78333333333333
128,12.7083333333333,12.4458333333333,12.3041666666667,11.6875,11.7333333333333,11.8083333333333,12.3541666666667,12.8708333333333,12.7083333333333,12.4458333333333,12.3041666666667,11.6875,9.37916666666667,9.07083333333333,9.28636363636364,9.06666666666666,8.82916666666667,7.75416666666667,7.30833333333333,9.025
129,12.95,12.625,12.6958333333333,11.9041666666667,11.9708333333333,12.35,13.0708333333333,12.6083333333333,12.95,12.625,12.6958333333333,11.9041666666667,9.66666666666667,9.48333333333333,9.42380952380952,9.19545454545454,8.925,7.95833333333333,7.95416666666667,9.28333333333333
130,12.9875,12.875,12.5333333333333,12.1166666666667,12.4416666666667,13.025,13.4208333333333,12.1458333333333,12.9875,12.875,12.5333333333333,12.1166666666667,10.047619047619,9.90833333333333,9.585,9.51578947368421,8.95833333333333,7.85833333333334,8.20416666666667,9.67916666666667
131,13.2708333333333,12.9916666666667,12.7416666666667,12.3166666666667,13.0583333333333,13.6333333333333,13.35,12.1583333333333,13.2708333333333,12.9916666666667,12.7416666666667,12.3166666666667,,10.1333333333333,9.80526315789474,9.57619047619048,8.8875,8.25416666666666,8.30833333333333,10.0833333333333
132,13.3791666666667,13.2166666666667,12.95,12.525,13.75,13.8272727272727,12.95,12.125,13.3791666666667,13.2166666666667,12.95,12.525,,10.4041666666667,9.96315789473684,9.70526315789474,9.32916666666667,8.65,8.2625,10.4875
133,13.4666666666667,13.3958333333333,13.1541666666667,12.9,14.15,13.5952380952381,12.8625,12.2041666666667,13.4666666666667,13.3958333333333,13.1541666666667,12.9,,10.525,9.98695652173913,9.73913043478261,9.74583333333333,8.80833333333333,8.675,10.6958333333333
134,13.5333333333333,13.45,13.3,13.3666666666667,13.9541666666667,13.2052631578947,12.7625,12.3166666666667,13.5333333333333,13.45,13.3,13.3666666666667,,10.525,9.90526315789474,10.105,9.60833333333333,8.80833333333333,9.0125,10.8208333333333
135,13.425,13.4458333333333,13.4,13.2458333333333,13.4208333333333,13.0157894736842,12.7333333333333,12.225,13.425,13.4458333333333,13.4,13.2458333333333,,10.3916666666667,11.17,10.08,9.37916666666666,8.80416666666667,9.23333333333333,10.9458333333333
136,13.4833333333333,13.4583333333333,13.4,12.7583333333333,13.1875,12.8333333333333,12.6791666666667,12.0875,13.4833333333333,13.4583333333333,13.4,12.7583333333333,,10.2875,9.96190476190476,9.90952380952381,9.40833333333333,9.27916666666667,9.08333333333333,11.5541666666667
137,13.4416666666667,13.5041666666667,13.4958333333333,12.3625,12.9875,12.6416666666667,12.4333333333333,11.6875,13.4416666666667,13.5041666666667,13.4958333333333,12.3625,,10.4833333333333,9.71428571428571,9.71428571428572,9.67916666666667,9.49166666666667,8.86666666666667,11.4208333333333
138,13.8,13.7125,13.7416666666667,12.3208333333333,12.9041666666667,12.45,12.2333333333333,11.35,13.8,13.7125,13.7416666666667,12.3208333333333,,10.4791666666667,9.87142857142857,9.97142857142857,9.90416666666667,9.35416666666667,9.40416666666667,11.1291666666667
139,13.88,13.8625,13.6375,12.4166666666667,12.875,12.3782608695652,11.9916666666667,10.8916666666667,13.88,13.8625,13.6375,12.4166666666667,,10.375,10.2409090909091,10.3347826086957,10.0875,9.19166666666666,10.0083333333333,10.7208333333333
140,13.99,13.6041666666667,13.325,12.75,12.925,12.1521739130435,11.7041666666667,10.9,13.99,13.6041666666667,13.325,12.75,,10.4833333333333,10.52,10.5952380952381,9.96666666666667,9.675,10.0291666666667,10.5333333333333
141,13.6,13.3666666666667,13.2375,12.625,12.7125,11.9695652173913,11.3291666666667,11.175,13.6,13.3666666666667,13.2375,12.625,,10.7416666666667,10.5095238095238,10.4904761904762,10.2416666666667,10.2875,10.1083333333333,10.5708333333333
142,13.5666666666667,13.3666666666667,13.15,12.4,12.5125,11.4916666666667,11.2958333333333,11.4625,13.5666666666667,13.3666666666667,13.15,12.4,11.13125,11,9.885,10.3782608695652,10.9083333333333,10.3458333333333,9.95,10.3541666666667
143,13.6833333333333,13.4083333333333,13.375,12.3666666666667,12.2916666666667,11.4095238095238,11.575,11.4208333333333,13.6833333333333,13.4083333333333,13.375,12.3666666666667,11.3708333333333,11.075,10.7875,11.1166666666667,10.9708333333333,10.4458333333333,9.99166666666667,10.2666666666667
144,13.6666666666667,13.7375,13.4625,12.5708333333333,12.0958333333333,11.6260869565217,11.9125,11.6666666666667,13.6666666666667,13.7375,13.4625,12.5708333333333,11.4833333333333,11.0833333333333,10.952380952381,11.4454545454545,11.0125,10.325,9.85833333333334,10.4791666666667
145,13.7125,13.6208333333333,13.4583333333333,12.6208333333333,12.0708333333333,11.8958333333333,11.9333333333333,11.9,13.7125,13.6208333333333,13.4583333333333,12.6208333333333,11.2708333333333,11.15,11.4,11.4173913043478,10.8291666666667,10.3666666666667,10.1666666666667,10.7166666666667
146,13.7208333333333,13.6666666666667,13.575,12.6916666666667,12.4083333333333,12.1428571428571,12.2291666666667,11.8666666666667,13.7208333333333,13.6666666666667,13.575,12.6916666666667,11.5625,11.7416666666667,11.2636363636364,11.3227272727273,10.7833333333333,10.25,10.5708333333333,10.9458333333333
147,13.9,13.8708333333333,13.6041666666667,12.9916666666667,12.7416666666667,12.3142857142857,12.4916666666667,12.275,13.9,13.8708333333333,13.6041666666667,12.9916666666667,12.1541666666667,11.9291666666667,11.2428571428571,11.2,10.8,10.4166666666667,10.7541666666667,11.3291666666667
148,14.0833333333333,13.9375,13.6208333333333,13.35,12.9916666666667,12.6631578947368,12.5583333333333,12.6208333333333,14.0833333333333,13.9375,13.6208333333333,13.35,12.4625,12,11.4909090909091,11.4521739130435,11.1875,10.8458333333333,10.7416666666667,11.8375
149,14.2541666666667,14.1333333333333,14.0041666666667,13.6625,13.3333333333333,12.9636363636364,12.9291666666667,12.9291666666667,14.2541666666667,14.1333333333333,14.0041666666667,13.6625,12.4958333333333,12.1208333333333,11.6913043478261,11.625,11.625,11.275,11.0333333333333,12.2583333333333
150,14.5166666666667,14.5125,14.1333333333333,14.1583333333333,13.5666666666667,13.275,13.2458333333333,13.4375,14.5166666666667,14.5125,14.1333333333333,14.1583333333333,12.6416666666667,12.3375,12.0681818181818,12.1173913043478,12.025,11.2541666666667,11.3125,12.4291666666667
151,14.925,14.5708333333333,14.3833333333333,14.425,13.6916666666667,13.6583333333333,13.5416666666667,13.8583333333333,14.925,14.5708333333333,14.3833333333333,14.425,13.06,12.78,12.4857142857143,12.5095238095238,12.1,11.575,11.5375,12.5958333333333
152,15.05,14.9291666666667,14.7125,14.5541666666667,14.1125,13.9833333333333,14.1166666666667,14.1083333333333,15.05,14.9291666666667,14.7125,14.5541666666667,13.1208333333333,12.9125,12.7611111111111,12.685,12.5333333333333,11.8375,11.0166666666667,13.0625
153,15.3291666666667,15.1958333333333,15.0791666666667,14.6708333333333,14.4333333333333,14.5,14.5125,14.2291666666667,15.3291666666667,15.1958333333333,15.0791666666667,14.6708333333333,13.5125,13.3041666666667,12.9909090909091,12.9409090909091,12.8125,12.0166666666667,11.1625,13.225
154,15.4541666666667,15.5083333333333,15.45,14.9166666666667,14.8625,14.9291666666667,14.6541666666667,14.2875,15.4541666666667,15.5083333333333,15.45,14.9166666666667,13.7875,13.6083333333333,13.3272727272727,13.4428571428571,13.125,11.9583333333333,11.1208333333333,13.1833333333333
155,15.6416666666667,15.7666666666667,15.6583333333333,15.2208333333333,15.2708333333333,15.0875,14.6916666666667,14.5958333333333,15.6416666666667,15.7666666666667,15.6583333333333,15.2208333333333,13.9375,13.7,13.5842105263158,13.6052631578947,13.0916666666667,11.7375,11.1125,13.3125
156,15.8416666666667,15.9083333333333,15.7166666666667,15.5833333333333,15.4291666666667,15.1291666666667,14.8208333333333,14.7375,15.8416666666667,15.9083333333333,15.7166666666667,15.5833333333333,14.1458333333333,,13.6695652173913,13.7086956521739,12.7125,11.8083333333333,11.4833333333333,13.7916666666667
157,15.875,15.8333333333333,15.7416666666667,15.65,15.4083333333333,15.1,14.975,14.7375,15.875,15.8333333333333,15.7416666666667,15.65,14.0416666666667,,13.4727272727273,13.3772727272727,12.4375,11.5291666666667,11.4541666666667,13.8875
158,15.725,15.7708333333333,15.7833333333333,15.4166666666667,15.1666666666667,15.075,14.8125,14.7,15.725,15.7708333333333,15.7833333333333,15.4166666666667,13.9727272727273,,13.1363636363636,12.9416666666667,12.3041666666667,11.6291666666667,11.3416666666667,13.4208333333333
159,15.6833333333333,15.8416666666667,15.8083333333333,15.1041666666667,15.2,15.0416666666667,14.7,14.3083333333333,15.6833333333333,15.8416666666667,15.8083333333333,15.1041666666667,,,12.9809523809524,12.9142857142857,12.1916666666667,11.75,11.525,13.0708333333333
160,15.9833333333333,16.0875,15.9708333333333,15.2416666666667,15.3541666666667,15.0083333333333,14.8875,13.9916666666667,15.9833333333333,16.0875,15.9708333333333,15.2416666666667,,,12.9909090909091,12.8434782608696,12.5125,11.7708333333333,11.6791666666667,13.3625
161,16.3708333333333,16.3375,16.0041666666667,15.5833333333333,15.5083333333333,15.2208333333333,14.8583333333333,13.8416666666667,16.3708333333333,16.3375,16.0041666666667,15.5833333333333,14.2041666666667,13.8541666666667,13.0190476190476,12.8904761904762,12.575,11.8375,12.175,12.9333333333333
162,16.7916666666667,16.4833333333333,16.3333333333333,16.0666666666667,15.7083333333333,15.5541666666667,14.825,13.9166666666667,16.7916666666667,16.4833333333333,16.3333333333333,16.0666666666667,14.3666666666667,13.925,13.3090909090909,13.204347826087,12.7291666666667,12.1125,12.3458333333333,13.0041666666667
163,17.0333333333333,16.725,16.4791666666667,16.3625,16.0083333333333,15.5833333333333,14.875,14.3666666666667,17.0333333333333,16.725,16.4791666666667,16.3625,14.425,13.9666666666667,13.5136363636364,13.35,12.975,12.5375,12.5916666666667,13.9
164,17.225,16.9541666666667,16.5833333333333,16.5625,16.3458333333333,15.5916666666667,14.7708333333333,15.1708333333333,17.225,16.9541666666667,16.5833333333333,16.5625,14.5625,14.2666666666667,13.7294117647059,13.575,13.3875,12.8375,12.5625,14.5166666666667
165,17.225,16.9083333333333,16.6916666666667,16.7375,16.4958333333333,15.625,14.9041666666667,16.0541666666667,17.225,16.9083333333333,16.6916666666667,16.7375,14.7916666666667,14.4208333333333,14.065,13.8315789473684,13.8916666666667,13.0083333333333,12.325,14.6125
166,17.1583333333333,17.0333333333333,17.0708333333333,16.9,16.4708333333333,15.5583333333333,15.5791666666667,16.775,17.1583333333333,17.0333333333333,17.0708333333333,16.9,14.9,14.5958333333333,14.3227272727273,14.2904761904762,14.1458333333333,13.2375,12.425,15.175
167,17.2,17.5083333333333,17.4416666666667,16.9958333333333,16.45,15.7333333333333,16.2958333333333,17.1291666666667,17.2,17.5083333333333,17.4416666666667,16.9958333333333,15.1666666666667,14.9125,14.7315789473684,14.6761904761905,14.4333333333333,13.3458333333333,12.0333333333333,16.1125
168,17.55,17.8666666666667,17.7625,17.1416666666667,16.4416666666667,16.1958333333333,16.8541666666667,17.3791666666667,17.55,17.8666666666667,17.7625,17.1416666666667,15.16,15.04,15.2363636363636,14.9818181818182,14.7416666666667,13.0375,12.5416666666667,16.4291666666667
169,17.9208333333333,18.1333333333333,17.9208333333333,17.1625,16.6,16.7791666666667,17.4083333333333,17.6916666666667,17.9208333333333,18.1333333333333,17.9208333333333,17.1625,15.7833333333333,15.5708333333333,15.3761904761905,15.2181818181818,14.7208333333333,13.1583333333333,12.7083333333333,16.4875
170,17.8458333333333,17.9458333333333,17.9375,17.3458333333333,16.9083333333333,17.2916666666667,17.7791666666667,17.8958333333333,17.8458333333333,17.9458333333333,17.9375,17.3458333333333,15.7791666666667,15.6958333333333,15.425,15.4333333333333,13.2809523809524,12.95,12.6791666666667,16.4416666666667
171,17.5791666666667,17.6916666666667,17.9625,17.3208333333333,17.1666666666667,17.4166666666667,17.8708333333333,17.8375,17.5791666666667,17.6916666666667,17.9625,17.3208333333333,15.6458333333333,15.6916666666667,15.3428571428572,15.0318181818182,13.8208333333333,13.2083333333333,12.9041666666667,16.95
172,17.4958333333333,17.8,17.9583333333333,17.25,17.3,17.4791666666667,17.7833333333333,17.6875,17.4958333333333,17.8,17.9583333333333,17.25,15.6375,15.6625,14.8105263157895,14.6,13.7333333333333,13.1458333333333,12.8208333333333,16.95
173,17.6,18.025,17.9375,17.1291666666667,17.4833333333333,17.7125,17.7583333333333,17.3083333333333,17.6,18.025,17.9375,17.1291666666667,15.8958333333333,15.8,14.6571428571429,14.3363636363636,14.0125,13.175,12.6291666666667,16.7625
174,17.7458333333333,18.0666666666667,17.85,16.8041666666667,17.6916666666667,17.8583333333333,17.8208333333333,16.4,17.7458333333333,18.0666666666667,17.85,16.8041666666667,16.0125,15.8166666666667,14.5739130434783,14.404347826087,14.1708333333333,13.2416666666667,12.775,16.0541666666667
175,17.9041666666667,17.9083333333333,17.6875,16.9833333333333,17.9458333333333,17.9458333333333,17.8791666666667,16.0125,17.9041666666667,17.9083333333333,17.6875,16.9833333333333,15.9458333333333,15.5625,14.6739130434783,14.5869565217391,14.1541666666667,13.325,13.3583333333333,15.8375
176,18.0625,17.8583333333333,17.6125,17.45,18.2333333333333,17.9666666666667,17.9083333333333,16.0541666666667,18.0625,17.8583333333333,17.6125,17.45,15.8833333333333,15.4666666666667,14.8352941176471,14.73,14.1666666666667,13.2958333333333,13.8583333333333,16.0291666666667
177,18.0083333333333,17.8041666666667,17.725,17.7041666666667,18.3708333333333,18.1375,17.5875,16.2708333333333,18.0083333333333,17.8041666666667,17.725,17.7041666666667,15.7583333333333,15.3958333333333,14.8181818181818,14.6714285714286,14.0833333333333,13.5208333333333,13.9208333333333,15.8833333333333
178,17.7916666666667,17.7958333333333,17.8208333333333,17.7958333333333,18.4166666666667,18.175,16.9291666666667,16.3041666666667,17.7916666666667,17.7958333333333,17.8208333333333,17.7958333333333,15.625,15.3307692307692,14.7666666666667,14.6529411764706,14.0375,13.9375,13.725,15.4125
179,17.8625,17.9541666666667,17.8833333333333,17.8166666666667,18.425,18.1208333333333,16.9041666666667,16.4708333333333,17.8625,17.9541666666667,17.8833333333333,17.8166666666667,15.6291666666667,15.39,14.6363636363636,14.5238095238095,14.3416666666667,14.2875,14.15,15.4708333333333
180,18.1,18.1875,17.9125,17.7708333333333,18.5125,17.8333333333333,16.9625,16.9041666666667,18.1,18.1875,17.9125,17.7708333333333,15.7541666666667,15.56,14.6523809523809,14.6,14.7458333333333,14.2791666666667,13.9291666666667,15.4708333333333
181,18.4291666666667,18.2875,17.9416666666667,17.8125,18.7,17.6208333333333,17.1208333333333,17.0166666666667,18.4291666666667,18.2875,17.9416666666667,17.8125,15.89,15.78,14.915,14.9722222222222,15.0636363636364,14.2083333333333,13.8708333333333,15.1125
182,18.6,18.3291666666667,18.1458333333333,17.9583333333333,18.9375,17.4791666666667,17.1166666666667,17.1666666666667,18.6,18.3291666666667,18.1458333333333,17.9583333333333,16.0916666666667,15.7,15.31,15.36,15.0708333333333,14.595652173913,14.2833333333333,15.4833333333333
183,18.425,18.2708333333333,18.3083333333333,18.1333333333333,18.825,17.4583333333333,16.9708333333333,17.6333333333333,18.425,18.2708333333333,18.3083333333333,18.1333333333333,16.2,15.7541666666667,15.7727272727273,15.6636363636364,15.375,14.45,14.1375,15.8541666666667
184,18.3,18.3333333333333,18.5166666666667,18.5208333333333,18.9166666666667,17.85,17.55,18.0208333333333,18.3,18.3333333333333,18.5166666666667,18.5208333333333,16.1416666666667,15.8958333333333,15.9136363636364,15.7761904761905,15.5541666666667,14.4291666666667,14.4375,15.7958333333333
185,18.475,18.6458333333333,18.7125,18.6541666666667,18.7083333333333,17.825,18.175,18.5458333333333,18.475,18.6458333333333,18.7125,18.6541666666667,16.3708333333333,16.2541666666667,16.0863636363636,15.9619047619048,15.5291666666667,14.7791666666667,13.8416666666667,15.1791666666667
186,18.6125,18.95,18.9541666666667,18.6625,18.6083333333333,17.6958333333333,18.2875,19.175,18.6125,18.95,18.9541666666667,18.6625,16.6583333333333,16.5208333333333,16.3904761904762,16.3809523809524,15.7083333333333,14.625,14.2833333333333,15.0208333333333
187,18.6916666666667,19.1458333333333,19.0875,18.6458333333333,18.6541666666667,18.0583333333333,18.2125,19.35,18.6916666666667,19.1458333333333,19.0875,18.6458333333333,16.9916666666667,16.8833333333333,16.6727272727273,16.31,16,14.8625,14.1291666666667,15.8708333333333
188,18.7708333333333,19.1208333333333,19.1458333333333,18.9375,18.8958333333333,18.4583333333333,18.3458333333333,19.3041666666667,18.7708333333333,19.1208333333333,19.1458333333333,18.9375,17.0416666666667,16.8666666666667,16.5913043478261,16.4818181818182,15.9416666666667,14.8375,13.925,16.8083333333333
189,19.025,19.2,19.2375,19.0041666666667,18.8,18.7875,19.175,19.45,19.025,19.2,19.2375,19.0041666666667,17.1708333333333,17.0833333333333,16.7095238095238,16.6111111111111,16.075,14.5833333333333,15.3541666666667,16.9958333333333
190,19.2208333333333,19.375,19.2666666666667,18.9875,18.8958333333333,18.8208333333333,19.7291666666667,19.525,19.2208333333333,19.375,19.2666666666667,18.9875,17.4416666666667,17.3333333333333,16.8761904761905,16.78,15.8916666666667,14.8125,15.6958333333333,16.6583333333333
191,19.3166666666667,19.525,19.375,19.2,19.0041666666667,18.9125,19.8666666666667,19.1625,19.3166666666667,19.525,19.375,19.2,17.6625,17.4708333333333,16.9277777777778,16.7277777777778,15.8166666666667,14.6875,15.3375,16.1208333333333
192,19.55,19.65,19.5416666666667,19.275,19.3416666666667,19.3375,19.8125,18.725,19.55,19.65,19.5416666666667,19.275,17.8458333333333,17.5041666666667,17.0260869565217,16.7521739130435,15.8875,15.2333333333333,15.7458333333333,15.7541666666667
193,19.8791666666667,19.9041666666667,19.725,19.5125,19.6666666666667,19.85,19.9208333333333,18.6375,19.8791666666667,19.9041666666667,19.725,19.5125,17.8708333333333,17.7208333333333,16.8565217391304,16.565,15.9166666666667,15.8541666666667,16.025,16.525
194,20.0416666666667,20.0041666666667,19.8541666666667,19.7166666666667,19.9041666666667,20.1,20.0833333333333,18.65,20.0416666666667,20.0041666666667,19.8541666666667,19.7166666666667,18.1333333333333,17.8541666666667,16.7681818181818,16.595652173913,16.4541666666667,15.75,14.9083333333333,17.0708333333333
195,20.1666666666667,20.1166666666667,20.0333333333333,19.9666666666667,20.0708333333333,20.2125,19.7708333333333,18.6291666666667,20.1666666666667,20.1166666666667,20.0333333333333,19.9666666666667,18.2375,17.8958333333333,16.885,16.5789473684211,17.0291666666667,16.1208333333333,14.8083333333333,16.6083333333333
196,20.25,20.2458333333333,20.2041666666667,20.225,20.5166666666667,20.4458333333333,19.8125,19.0208333333333,20.25,20.2458333333333,20.2041666666667,20.225,18.2,17.7708333333333,16.89,16.9304347826087,16.95,16.3291666666667,15.2166666666667,16.6625
197,20.3478260869565,20.3833333333333,20.375,20.275,20.7083333333333,20.4875,19.7166666666667,19.375,20.3478260869565,20.3833333333333,20.375,20.275,18.1125,17.6375,17.2045454545455,17.3739130434783,17.0916666666667,15.9416666666667,15.7375,16.9833333333333
198,20.3583333333333,20.5166666666667,20.4583333333333,20.2791666666667,20.7291666666667,20.3958333333333,19.4590909090909,19.3958333333333,20.3583333333333,20.5166666666667,20.4583333333333,20.2791666666667,17.9666666666667,17.6208333333333,17.595,17.4684210526316,17.0833333333333,15.45,15.6875,16.2583333333333
199,20.3,20.5458333333333,20.5541666666667,20.4041666666667,20.9416666666667,20.3833333333333,19.5666666666667,19.2208333333333,20.3,20.5458333333333,20.5541666666667,20.4041666666667,17.8875,17.5416666666667,17.6272727272727,17.5190476190476,16.4916666666667,15.8583333333333,15.6458333333333,15.4541666666667
200,20.25,20.4541666666667,20.5625,20.3083333333333,21.025,20.3875,20.0541666666667,19.25,20.25,20.4541666666667,20.5625,20.3083333333333,17.6,17.5458333333333,17.565,17.47,16.325,16.1541666666667,15.6,16.1375
201,20.3333333333333,20.6,20.6708333333333,20.2958333333333,20.9666666666667,20.1208333333333,20.2166666666667,19.2333333333333,20.3333333333333,20.6,20.6708333333333,20.2958333333333,17.8125,17.9333333333333,17.4363636363636,17.0714285714286,16.7375,16.1333333333333,15.55,17.0125
202,20.5333333333333,20.825,20.9625,20.2708333333333,20.8958333333333,20.225,20.2625,19.1708333333333,20.5333333333333,20.825,20.9625,20.2708333333333,18.2958333333333,18.2708333333333,17.2904761904762,17.0095238095238,17.0125,16.1458333333333,15.7375,17.1
203,20.8571428571429,21.0833333333333,20.9458333333333,20.275,20.9291666666667,20.3333333333333,20.2833333333333,18.975,20.8571428571429,21.0833333333333,20.9458333333333,20.275,18.5916666666667,18.425,17.3421052631579,17.2619047619048,17.1333333333333,16.2125,16.2458333333333,16.775
204,20.8916666666667,21.1958333333333,20.8375,20.2458333333333,20.9416666666667,20.4125,20.15,18.5375,20.8916666666667,21.1958333333333,20.8375,20.2458333333333,18.8458333333333,18.3833333333333,17.7294117647059,17.7176470588235,17.1173913043478,16.2291666666667,16.4708333333333,16.9375
205,20.8583333333333,20.9333333333333,20.9416666666667,20.2666666666667,20.8958333333333,20.5041666666667,19.7958333333333,18.0416666666667,20.8583333333333,20.9333333333333,20.9416666666667,20.2666666666667,18.7458333333333,18.3,17.90625,17.7833333333333,17.1583333333333,16.3583333333333,16.2416666666667,17.1125
206,21.125,21.0291666666667,21.1833333333333,20.6166666666667,21.2041666666667,20.8416666666667,20.2833333333333,18.4375,21.125,21.0291666666667,21.1833333333333,20.6166666666667,18.4875,,17.9142857142857,17.65,17.15,16.8291666666667,16.45,17.2625
207,21.3541666666667,21.3416666666667,21.3166666666667,20.7916666666667,21.2416666666667,20.8875,20.3166666666667,19.1166666666667,21.3541666666667,21.3416666666667,21.3166666666667,20.7916666666667,18.5375,,17.8809523809524,17.6857142857143,17.3875,17.0333333333333,16.525,17.7375
208,21.1958333333333,21.5125,21.2791666666667,20.8,21.1083333333333,20.4583333333333,19.7916666666667,19.0458333333333,21.1958333333333,21.5125,21.2791666666667,20.8,18.85,,17.9714285714286,17.8909090909091,17.7625,16.925,16.2625,16.8458333333333
209,21.3166666666667,21.3166666666667,21.3916666666667,21,21.3208333333333,20.5958333333333,19.6375,18.8458333333333,21.3166666666667,21.3166666666667,21.3916666666667,21,18.8041666666667,18.625,18.0833333333333,17.9608695652174,17.9333333333333,17.0375,16.5833333333333,17.2791666666667
210,21.4708333333333,21.5166666666667,21.4208333333333,20.9041666666667,21.5083333333333,20.9125,19.8666666666667,19.0666666666667,21.4708333333333,21.5166666666667,21.4208333333333,20.9041666666667,18.9708333333333,18.7208333333333,18.27,18.2727272727273,17.8041666666667,17.1333333333333,16.9208333333333,18.3083333333333
211,21.3416666666667,21.5041666666667,21.3458333333333,20.8375,21.4791666666667,20.6583333333333,19.7833333333333,19.1208333333333,21.3416666666667,21.5041666666667,21.3458333333333,20.8375,19.05,18.75,18.5904761904762,18.4571428571428,17.9166666666667,16.9166666666667,17.1125,17.6083333333333
212,21.225,21.2958333333333,21.325,20.9916666666667,21.35,20.425,19.9166666666667,19.0333333333333,21.225,21.2958333333333,21.325,20.9916666666667,19.11,18.94,18.53,18.3739130434783,17.7416666666667,17.2708333333333,17.2458333333333,16.4791666666667
213,21.4958333333333,21.5,21.4083333333333,21.1166666666667,21.4,20.475,19.9708333333333,19.1375,21.4958333333333,21.5,21.4083333333333,21.1166666666667,19.1708333333333,19.1041666666667,18.5727272727273,18.4190476190476,17.8208333333333,17.5041666666667,17.4208333333333,16.4541666666667
214,21.5333333333333,21.6208333333333,21.55,21.1125,21.5416666666667,20.4416666666667,19.9333333333333,19.2125,21.5333333333333,21.6208333333333,21.55,21.1125,19.4166666666667,19.3333333333333,18.5333333333333,18.2666666666667,18.1875,17.6083333333333,17.425,16.6625
215,21.7333333333333,21.775,21.8125,21.1041666666667,21.5833333333333,20.5458333333333,19.9416666666667,19.2375,21.7333333333333,21.775,21.8125,21.1041666666667,19.5583333333333,19.2375,18.4285714285714,18.3904761904762,18.25,17.7333333333333,17.1458333333333,15.7208333333333
216,21.9583333333333,22.0541666666667,22.1458333333333,21.225,21.5833333333333,20.8125,20.225,19.5416666666667,21.9583333333333,22.0541666666667,22.1458333333333,21.225,19.6083333333333,19.3083333333333,18.6157894736842,18.6190476190476,18.35,17.9125,17.0375,17.1458333333333
217,22.1708333333333,22.3333333333333,22.2333333333333,21.2541666666667,21.5375,20.825,20.3375,19.8375,22.1708333333333,22.3333333333333,22.2333333333333,21.2541666666667,19.6583333333333,19.3083333333333,18.905,18.7526315789474,18.5625,17.725,17.3833333333333,18.3041666666667
218,22.2458333333333,22.4958333333333,22.175,21.4625,21.4708333333333,20.7625,20.4458333333333,20.0833333333333,22.2458333333333,22.4958333333333,22.175,21.4625,19.7125,19.2541666666667,18.9782608695652,18.9285714285714,18.7,17.5916666666667,17.5916666666667,18.3541666666667
219,22.2833333333333,22.4333333333333,22.1291666666667,21.6166666666667,21.45,20.7625,20.3083333333333,19.8583333333333,22.2833333333333,22.4333333333333,22.1291666666667,21.6166666666667,19.7708333333333,19.4916666666667,19.2409090909091,19.1913043478261,18.4833333333333,17.675,17.6083333333333,17.9458333333333
220,22.1625,22.2083333333333,22.1625,21.6541666666667,21.4041666666667,20.7291666666667,20.3375,19.7083333333333,22.1625,22.2083333333333,22.1625,21.6541666666667,19.8458333333333,19.6583333333333,19.4347826086957,19.2565217391304,18.4,17.9458333333333,17.4666666666667,18.5916666666667
221,22.0041666666667,21.9708333333333,22.3666666666667,21.6958333333333,21.6333333333333,20.95,20.5291666666667,19.8166666666667,22.0041666666667,21.9708333333333,22.3666666666667,21.6958333333333,19.975,19.7666666666667,19.3727272727273,19.0913043478261,18.5208333333333,18.0666666666667,17.4,18.6791666666667
222,21.9333333333333,22.175,22.3833333333333,21.7125,21.8541666666667,21.1291666666667,20.6875,19.45,21.9333333333333,22.175,22.3833333333333,21.7125,20.0333333333333,,19.2478260869565,18.8863636363636,18.5166666666667,18.0583333333333,17.3458333333333,18.1458333333333
223,21.6916666666667,22.2708333333333,22.2625,21.4666666666667,21.6041666666667,20.8583333333333,20.3208333333333,18.8958333333333,21.6916666666667,22.2708333333333,22.2625,21.4666666666667,19.9916666666667,,19.03,18.8869565217391,18.6208333333333,17.8625,17.15,17.3916666666667
224,21.7,22.0416666666667,22.2083333333333,21.3375,21.5916666666667,20.9875,20.3,19.1375,21.7,22.0416666666667,22.2083333333333,21.3375,19.9958333333333,19.8733333333333,19.0409090909091,19.0045454545455,18.6958333333333,17.6791666666667,17.7708333333333,18.1291666666667
225,21.9625,22.1875,22.2041666666667,21.4125,21.7166666666667,21.1958333333333,20.7833333333333,19.4708333333333,21.9625,22.1875,22.2041666666667,21.4125,20.175,19.8833333333333,19.1619047619048,19.0363636363636,18.5291666666667,17.6875,17.9458333333333,18.325
226,22.3166666666667,22.3,22.1833333333333,21.5625,21.7333333333333,21.0791666666667,20.6458333333333,19.3666666666667,22.3166666666667,22.3,22.1833333333333,21.5625,20.15,19.7416666666667,19.2954545454545,19.1863636363636,18.4166666666667,17.5875,18.0583333333333,18.2666666666667
227,22.1041666666667,22.2458333333333,22.1125,21.5708333333333,21.5291666666667,20.8166666666667,20.2625,19.1958333333333,22.1041666666667,22.2458333333333,22.1125,21.5708333333333,19.9625,19.7458333333333,19.2916666666667,19.0772727272727,18.3875,18.2,17.9,18.7833333333333
228,22,21.9625,22.1458333333333,21.575,21.425,20.8916666666667,19.9041666666667,19.0583333333333,22,21.9625,22.1458333333333,21.575,19.85,19.6958333333333,19.1208333333333,18.9708333333333,18.5333333333333,18.4708333333333,17.7708333333333,19.0375
229,21.6541666666667,21.6166666666667,22.0458333333333,21.6583333333333,21.4916666666667,21.05,19.85,19.1166666666667,21.6541666666667,21.6166666666667,22.0458333333333,21.6583333333333,19.6958333333333,19.6375,19.1291666666667,18.9260869565217,18.8666666666667,18.4916666666667,17.4833333333333,18.8458333333333
230,21.4375,21.6541666666667,22.0416666666667,21.775,21.6833333333333,21.1375,20.3791666666667,19.4708333333333,21.4375,21.6541666666667,22.0416666666667,21.775,19.8125,19.7666666666667,19.125,18.8913043478261,19.1458333333333,18.3708333333333,17.5875,18.6166666666667
231,21.3625,21.7791666666667,22.0541666666667,21.7125,21.675,20.925,20.3708333333333,19.75,21.3625,21.7791666666667,22.0541666666667,21.7125,19.9291666666667,19.7791666666667,19.1041666666667,19.1875,19.1458333333333,18.3666666666667,18.1666666666667,18.2958333333333
232,21.4291666666667,21.8916666666667,22.0541666666667,21.5791666666667,21.7625,20.9416666666667,20.3041666666667,19.9875,21.4291666666667,21.8916666666667,22.0541666666667,21.5791666666667,20.0166666666667,19.75,19.4083333333333,19.4652173913043,18.9291666666667,18.0375,18.3041666666667,17.2916666666667
233,21.4791666666667,21.975,22.0375,21.4916666666667,21.5,20.6791666666667,20.1333333333333,19.9708333333333,21.4791666666667,21.975,22.0375,21.4916666666667,20,19.6833333333333,19.5791666666667,19.4826086956522,18.7791666666667,18.0083333333333,17.925,17.3083333333333
234,21.3958333333333,21.775,22.0125,21.6291666666667,21.6583333333333,20.8833333333333,20.025,19.75,21.3958333333333,21.775,22.0125,21.6291666666667,19.7958333333333,19.5541666666667,19.5111111111111,19.3333333333333,18.5208333333333,18.5,18.0166666666667,17.7791666666667
235,21.4916666666667,21.7625,21.975,21.5708333333333,21.7875,21.125,20.5416666666667,19.825,21.4916666666667,21.7625,21.975,21.5708333333333,19.7458333333333,19.75,19.35,19.1909090909091,18.7333333333333,18.5666666666667,17.975,18.775
236,21.5708333333333,21.8666666666667,21.9958333333333,21.325,21.6416666666667,20.9166666666667,20.5625,19.7916666666667,21.5708333333333,21.8666666666667,21.9958333333333,21.325,19.8208333333333,19.825,19.2769230769231,19,19.025,18.3,17.8833333333333,18.6583333333333
237,21.45,21.7083333333333,21.9166666666667,21.2208333333333,21.3791666666667,20.6458333333333,20.4458333333333,19.6083333333333,21.45,21.7083333333333,21.9166666666667,21.2208333333333,19.7333333333333,19.725,19.07,18.9052631578947,19.0583333333333,18.3458333333333,17.8875,18.4666666666667
238,21.3833333333333,21.6083333333333,21.9333333333333,21.3333333333333,21.4,20.8666666666667,20.6958333333333,19.7583333333333,21.3833333333333,21.6083333333333,21.9333333333333,21.3333333333333,19.6416666666667,19.6875,18.92,19.1454545454545,18.8375,18.3208333333333,18.0208333333333,18.7333333333333
239,21.325,21.7666666666667,22.1083333333333,21.5,21.4916666666667,21.0666666666667,20.7458333333333,19.7625,21.325,21.7666666666667,22.1083333333333,21.5,19.8416666666667,19.775,19.3285714285714,19.3111111111111,18.9,18.2041666666667,18.35,18.8416666666667
240,21.4541666666667,22.0125,22.1916666666667,21.4791666666667,21.5208333333333,21.0833333333333,20.6625,20.0375,21.4541666666667,22.0125,22.1916666666667,21.4791666666667,19.9875,19.6416666666667,19.3888888888889,19.3,18.825,18.175,18.5958333333333,18.8291666666667
241,21.7,22.1708333333333,22.0291666666667,21.5208333333333,21.4916666666667,20.9125,20.625,19.7666666666667,21.7,22.1708333333333,22.0291666666667,21.5208333333333,19.8625,19.5125,19.3153846153846,19.2636363636364,18.6875,18.3083333333333,18.5333333333333,18.225
242,21.8291666666667,22.1041666666667,21.9708333333333,21.4583333333333,21.4125,20.9708333333333,20.6791666666667,19.6041666666667,21.8291666666667,22.1041666666667,21.9708333333333,21.4583333333333,19.8,19.7083333333333,19.3538461538462,19.1904761904762,18.7166666666667,18.6625,18.3916666666667,18.3875
243,21.95,22.0166666666667,22.0583333333333,21.4291666666667,21.35,20.98,20.5208333333333,19.3958333333333,21.95,22.0166666666667,22.0583333333333,21.4291666666667,20.06,19.83,19.3833333333333,19.1428571428571,18.9916666666667,18.8416666666667,18.3708333333333,17.775
244,22.0958333333333,22.075,22.0791666666667,21.4541666666667,21.3541666666667,,20.2875,18.7208333333333,22.0958333333333,22.075,22.0791666666667,21.4541666666667,20.1958333333333,19.9947368421053,19.375,19.22,19.3208333333333,18.7208333333333,18.1833333333333,17.1291666666667
245,22.1458333333333,22.1416666666667,22.1125,21.4416666666667,21.3291666666667,,20.25,18.575,22.1458333333333,22.1416666666667,22.1125,21.4416666666667,20.2041666666667,,19.3416666666667,19.3904761904762,19.4833333333333,18.7708333333333,18.2875,18.35
246,22.0958333333333,22.1,22.1416666666667,21.5125,21.5041666666667,21.05,20.3083333333333,18.7916666666667,22.0958333333333,22.1,22.1416666666667,21.5125,20.2208333333333,,19.4538461538462,19.6190476190476,19.4916666666667,18.7708333333333,18.2208333333333,18.8833333333333
247,21.9708333333333,22.0958333333333,22.1875,21.6541666666667,21.5083333333333,20.8625,20.2375,18.925,21.9708333333333,22.0958333333333,22.1875,21.6541666666667,20.1875,,19.625,19.82,19.55,18.7416666666667,18.3333333333333,18.9625
248,21.9791666666667,22.1125,22.2541666666667,21.7208333333333,21.5625,20.85,20.225,19.1416666666667,21.9791666666667,22.1125,22.2541666666667,21.7208333333333,20.18,,19.8272727272727,20.0055555555556,19.4875,18.5708333333333,18.4208333333333,18.9916666666667
249,21.9458333333333,22.2375,22.3458333333333,21.7541666666667,21.7041666666667,20.9458333333333,20.3333333333333,19.5666666666667,21.9458333333333,22.2375,22.3458333333333,21.7541666666667,,,19.9307692307692,20.01875,19.4541666666667,18.6,18.4333333333333,18.9083333333333
250,21.9125,22.275,22.3708333333333,21.7916666666667,21.7041666666667,20.9333333333333,20.4458333333333,19.875,21.9125,22.275,22.3708333333333,21.7916666666667,20.3458333333333,,19.9583333333333,20.02,19.3041666666667,18.5791666666667,18.2125,18.1666666666667
251,21.6958333333333,22.1541666666667,22.1916666666667,21.5458333333333,21.4333333333333,20.6125,19.8166666666667,19.8583333333333,21.6958333333333,22.1541666666667,22.1916666666667,21.5458333333333,20.2833333333333,,20.0181818181818,19.99375,19.2083333333333,18.5583333333333,18.2375,17.3291666666667
252,21.4375,21.9125,22.1625,21.3375,21.3791666666667,20.4875,19.6666666666667,19.9916666666667,21.4375,21.9125,22.1625,21.3375,20.1416666666667,,19.9545454545455,20.0333333333333,19.1833333333333,18.5916666666667,18.4833333333333,18.0125
253,21.425,21.6458333333333,22.1208333333333,21.3208333333333,21.4958333333333,20.55,19.975,20.1291666666667,21.425,21.6458333333333,22.1208333333333,21.3208333333333,19.9416666666667,,20.6,19.9,19.0583333333333,18.7083333333333,18.4041666666667,18.1166666666667
254,21.3875,21.5833333333333,21.975,21.2291666666667,21.3,20.3625,19.9541666666667,20.0541666666667,21.3875,21.5833333333333,21.975,21.2291666666667,19.8875,20,19.6636363636364,19.695,18.9125,18.6541666666667,18.4208333333333,17.9791666666667
255,21.3708333333333,21.5875,21.9291666666667,21.175,21.1458333333333,20.2583333333333,19.9333333333333,19.9625,21.3708333333333,21.5875,21.9291666666667,21.175,20.0333333333333,20.1875,19.61,19.5578947368421,18.9333333333333,18.55,18.4458333333333,17.8416666666667
256,21.2791666666667,21.6166666666667,21.8208333333333,20.9958333333333,20.975,19.9125,19.8666666666667,19.7333333333333,21.2791666666667,21.6166666666667,21.8208333333333,20.9958333333333,20.1291666666667,20.1,19.4545454545455,19.5125,18.9708333333333,18.4208333333333,18.5875,17.6833333333333
257,21.1833333333333,21.5958333333333,21.6583333333333,20.8958333333333,20.8541666666667,19.9125,19.9166666666667,19.5208333333333,21.1833333333333,21.5958333333333,21.6583333333333,20.8958333333333,20.0833333333333,19.9541666666667,19.225,19.3470588235294,18.8458333333333,18.5833333333333,18.6125,17.6583333333333
258,21.0291666666667,21.2666666666667,21.4833333333333,20.8,20.8333333333333,19.9208333333333,20.05,19.4541666666667,21.0291666666667,21.2666666666667,21.4833333333333,20.8,19.8416666666667,19.7791666666667,19.075,19.121052631579,18.5791666666667,18.5,18.5041666666667,17.5541666666667
259,20.7833333333333,21.075,21.3791666666667,20.6791666666667,20.6916666666667,19.8458333333333,19.9125,19.2083333333333,20.7833333333333,21.075,21.3791666666667,20.6791666666667,19.6208333333333,19.5625,18.8076923076923,18.9529411764706,18.4833333333333,18.3708333333333,18.525,17.2791666666667
260,20.63125,20.6625,21.225,20.4541666666667,20.5958333333333,19.7791666666667,19.925,19.2208333333333,20.63125,20.6625,21.225,20.4541666666667,19.2791666666667,19.2916666666667,18.7,18.83,18.3416666666667,18.2916666666667,18.6541666666667,16.6583333333333
261,,20.6125,21.15,20.2833333333333,20.3458333333333,19.6916666666667,19.9708333333333,19.2625,,20.6125,21.15,20.2833333333333,19.25,19.1791666666667,18.4909090909091,18.6842105263158,18.25,18.325,18.5333333333333,17.0125
262,,20.6208333333333,20.9416666666667,20.125,20.0541666666667,19.475,19.9708333333333,19.2375,,20.6208333333333,20.9416666666667,20.125,19.0916666666667,19.0208333333333,18.4666666666667,18.5,18.175,18.3291666666667,18.5666666666667,17.15
263,,20.475,20.7125,19.925,19.8083333333333,19.4,19.775,19.0958333333333,,20.475,20.7125,19.925,18.9958333333333,18.7708333333333,18.44,18.5058823529412,18.1083333333333,18.3166666666667,18.6333333333333,17.1833333333333
264,,20.225,20.5541666666667,19.5916666666667,19.725,19.4375,19.5958333333333,19.0208333333333,,20.225,20.5541666666667,19.5916666666667,18.8583333333333,18.6208333333333,18.2769230769231,18.5473684210526,18.2625,18.3291666666667,18.5833333333333,17.2708333333333
265,,20.0375,20.4291666666667,19.4291666666667,19.7041666666667,19.125,19.4208333333333,18.9291666666667,,20.0375,20.4291666666667,19.4291666666667,18.75,18.5833333333333,18.3916666666667,18.54,18.3875,18.3,18.7291666666667,17.3208333333333
266,,19.9208333333333,20.275,19.3333333333333,19.6708333333333,19.0125,19.2041666666667,18.7208333333333,,19.9208333333333,20.275,19.3333333333333,18.6416666666667,18.4208333333333,18.2,18.4647058823529,18.35,18.3,18.5958333333333,17.1583333333333
267,,19.7291666666667,20.1333333333333,19.2375,19.5833333333333,18.9666666666667,19.0916666666667,18.4583333333333,,19.7291666666667,20.1333333333333,19.2375,18.3875,18.225,18.125,18.3058823529412,18.1791666666667,18.2791666666667,18.675,16.8875
268,,19.5083333333333,19.9791666666667,19.1625,19.4666666666667,18.975,19.0125,18.1625,,19.5083333333333,19.9791666666667,19.1625,18.1375,18.0125,17.99,18.2625,18.0625,18.2625,18.7,16.6041666666667
269,,19.525,19.8208333333333,19.0291666666667,19.3208333333333,18.7083333333333,18.8458333333333,18.125,,19.525,19.8208333333333,19.0291666666667,18.0625,17.9666666666667,18.1083333333333,18.25,18.1041666666667,18.3,18.8125,16.6333333333333
270,,19.3458333333333,19.5291666666667,18.8083333333333,19.1583333333333,18,18.6916666666667,18.0416666666667,,19.3458333333333,19.5291666666667,18.8083333333333,17.7833333333333,17.7916666666667,17.9333333333333,18.1875,17.9958333333333,18.2375,18.6,16.4125
271,,18.8583333333333,19.2791666666667,18.4625,18.9125,16.5583333333333,18.4416666666667,17.9625,,18.8583333333333,19.2791666666667,18.4625,17.2541666666667,17.3791666666667,17.5363636363636,17.9625,17.7416666666667,18.1166666666667,18.5458333333333,15.7666666666667
272,,18.4041666666667,19.0041666666667,18.1041666666667,18.5208333333333,16.2125,18.1791666666667,17.8625,,18.4041666666667,19.0041666666667,18.1041666666667,16.8125,,17.1916666666667,17.4888888888889,17.3125,17.8625,18.625,15.275
273,,18.2625,18.7833333333333,17.8125,18.3291666666667,15.9458333333333,17.9833333333333,17.6041666666667,,18.2625,18.7833333333333,17.8125,16.06,,16.84,17.26875,17.0708333333333,17.8541666666667,18.7,14.2791666666667
274,,18.0208333333333,18.6083333333333,17.4916666666667,18.1541666666667,16.4041666666667,17.7958333333333,17.4166666666667,,18.0208333333333,18.6083333333333,17.4916666666667,16.0583333333333,,16.8357142857143,17.1722222222222,17.075,17.8583333333333,18.6458333333333,13.6125
275,,17.9166666666667,18.4208333333333,17.1041666666667,17.8333333333333,17.0166666666667,17.5375,17.3541666666667,,17.9166666666667,18.4208333333333,17.1041666666667,16.1166666666667,,16.7666666666667,17.0294117647059,17.2333333333333,17.6958333333333,18.5916666666667,11.325
276,,17.875,18.225,16.7291666666667,17.6041666666667,17.2,17.2625,17.275,,17.875,18.225,16.7291666666667,16.2375,,16.6727272727273,16.9578947368421,17.3521739130435,17.6125,18.5166666666667,11.8333333333333
277,,17.7,17.8541666666667,16.3041666666667,17.3625,17.2833333333333,17.0083333333333,16.6916666666667,,17.7,17.8541666666667,16.3041666666667,16.0916666666667,,16.6363636363636,16.9277777777778,17.2791666666667,17.8208333333333,18.4416666666667,11.4708333333333
278,,17.5583333333333,17.5833333333333,15.9,17.175,17.1083333333333,16.8291666666667,16.0291666666667,,17.5583333333333,17.5833333333333,15.9,16.0333333333333,,16.4833333333333,17.0105263157895,17.1708333333333,17.9041666666667,18.4,12.9416666666667
279,,17.2958333333333,17.4208333333333,15.7416666666667,17.05,17.0458333333333,16.6916666666667,15.9166666666667,,17.2958333333333,17.4208333333333,15.7416666666667,15.925,,16.4666666666667,17.0352941176471,17.0708333333333,17.8833333333333,18.3041666666667,12.9208333333333
280,,17.1333333333333,17.2,15.7875,17.0166666666667,16.9708333333333,16.55,15.9125,,17.1333333333333,17.2,15.7875,15.9166666666667,,16.61,17.0111111111111,17.225,17.9041666666667,18.2458333333333,12.9791666666667
281,,16.9208333333333,16.8666666666667,15.6833333333333,16.8666666666667,16.7625,16.3791666666667,15.5958333333333,,16.9208333333333,16.8666666666667,15.6833333333333,15.7625,,16.5461538461538,16.91,17.125,17.775,18.0583333333333,12.3958333333333
282,,16.4916666666667,16.5583333333333,15.5291666666667,16.6208333333333,16.4875,16.2083333333333,15.3541666666667,,16.4916666666667,16.5583333333333,15.5291666666667,15.4666666666667,,16.19,16.6578947368421,16.7583333333333,17.5833333333333,17.9,12.1166666666667
283,,15.9875,16.2625,15.4041666666667,16.3583333333333,16.1375,16.0166666666667,15.1625,,15.9875,16.2625,15.4041666666667,15.2708333333333,,16.0454545454545,16.5294117647059,16.6291666666667,17.4,17.825,11.6708333333333
284,,15.7791666666667,16.0208333333333,15.3541666666667,16.1458333333333,15.8541666666667,15.8541666666667,14.8625,,15.7791666666667,16.0208333333333,15.3541666666667,15.16,,15.9571428571429,16.45,16.5583333333333,17.1916666666667,17.7166666666667,11.4
285,,15.5083333333333,15.8208333333333,15.2,15.9666666666667,15.6708333333333,15.6833333333333,14.5875,,15.5083333333333,15.8208333333333,15.2,,,15.875,16.3263157894737,16.55,16.9375,17.6416666666667,11.1916666666667
286,,15.4416666666667,15.7041666666667,14.8375,15.825,15.5458333333333,15.4,14.4333333333333,,15.4416666666667,15.7041666666667,14.8375,,,15.7666666666667,16.2352941176471,16.4458333333333,16.8708333333333,17.5666666666667,11.0708333333333
287,,15.2958333333333,15.5791666666667,14.6541666666667,15.6,15.4,15.1333333333333,14.2791666666667,,15.2958333333333,15.5791666666667,14.6541666666667,14.9083333333333,,15.65,16.1333333333333,16.2333333333333,16.9,17.525,10.9291666666667
288,,15.2541666666667,15.3875,14.4458333333333,15.3833333333333,15.2083333333333,14.8916666666667,14.0125,,15.2541666666667,15.3875,14.4458333333333,14.8541666666667,,15.3818181818182,16.2555555555556,16.1125,16.9458333333333,17.4458333333333,10.8916666666667
289,,15.1708333333333,15.1708333333333,14.4541666666667,15.3166666666667,15.2041666666667,14.7666666666667,13.8416666666667,,15.1708333333333,15.1708333333333,14.4541666666667,14.825,,15.7727272727273,16.1384615384615,16.2458333333333,16.8666666666667,17.4083333333333,10.5666666666667
290,,15.025,14.9458333333333,14.4291666666667,15.2125,15.1583333333333,14.6,13.5333333333333,,15.025,14.9458333333333,14.4291666666667,14.8291666666667,,15.7571428571429,16.0190476190476,16.2173913043478,16.8291666666667,17.3208333333333,10.9083333333333
291,,14.8458333333333,14.6791666666667,14.3791666666667,15,15.0125,14.4541666666667,13.3041666666667,,14.8458333333333,14.6791666666667,14.3791666666667,14.6875,,15.5,15.8428571428571,16.025,16.7708333333333,17.2208333333333,10.8041666666667
292,,14.6125,14.5041666666667,14.3458333333333,14.8333333333333,14.8375,14.35,13.2041666666667,,14.6125,14.5041666666667,14.3458333333333,14.5458333333333,,15.3214285714286,15.8,15.8625,16.7,17.0833333333333,10.6375
293,,14.2708333333333,14.2791666666667,14.0958333333333,14.6416666666667,14.6625,14.2125,13.0041666666667,,14.2708333333333,14.2791666666667,14.0958333333333,14.2958333333333,,15.1727272727273,15.71,15.7416666666667,16.6083333333333,16.9333333333333,10.6125
294,,14.0291666666667,14.1208333333333,13.9666666666667,14.5458333333333,14.5125,14.0916666666667,12.9208333333333,,14.0291666666667,14.1208333333333,13.9666666666667,14.2375,,15.05,15.5272727272727,15.6541666666667,16.5125,16.8458333333333,10.5916666666667
295,,14.0458333333333,14.1,13.8916666666667,14.5666666666667,14.4125,13.9666666666667,12.8041666666667,,14.0458333333333,14.1,13.8916666666667,14.2541666666667,,14.9666666666667,15.35,15.6083333333333,16.4791666666667,16.7833333333333,10.6291666666667
296,,13.9833333333333,14.0541666666667,13.7375,14.4083333333333,14.1916666666667,13.8041666666667,12.7541666666667,,13.9833333333333,14.0541666666667,13.7375,14.1583333333333,,14.6583333333333,15.29375,15.5375,16.375,16.6125,10.3833333333333
297,,13.9541666666667,14.0208333333333,13.5125,14.2458333333333,14.0083333333333,13.65,12.6375,,13.9541666666667,14.0208333333333,13.5125,14.1875,,14.5916666666667,15.2809523809524,15.575,16.3041666666667,16.4541666666667,10.2083333333333
298,,13.8916666666667,13.9791666666667,13.45,14.0833333333333,13.8041666666667,13.5375,12.5375,,13.8916666666667,13.9791666666667,13.45,14.1958333333333,,14.7333333333333,15.2733333333333,15.6541666666667,16.1958333333333,16.2333333333333,9.99583333333334
299,,13.7125,13.7666666666667,13.3541666666667,13.9083333333333,13.6125,13.2875,12.3,,13.7125,13.7666666666667,13.3541666666667,13.975,,14.5583333333333,15.2111111111111,15.4541666666667,15.9916666666667,15.8958333333333,9.74166666666667
300,,13.45,13.5916666666667,13.275,13.7083333333333,13.375,13.0583333333333,12.0583333333333,,13.45,13.5916666666667,13.275,13.6875,,14.4666666666667,15.0875,15.0416666666667,15.8333333333333,15.6958333333333,9.5375
301,,13.1458333333333,13.3791666666667,13.225,13.5125,13.1,12.7833333333333,11.7583333333333,,13.1458333333333,13.3791666666667,13.225,13.5125,,14.275,14.9666666666667,14.75,15.6166666666667,15.4041666666667,9.375
302,,12.6833333333333,12.9625,12.7708333333333,12.9875,12.5875,12.2333333333333,11.3708333333333,,12.6833333333333,12.9625,12.7708333333333,13.25,,14.11,14.76,14.4583333333333,15.2708333333333,15.2541666666667,8.9375
303,,12.1916666666667,12.65,12.2916666666667,12.7708333333333,12.3208333333333,11.9541666666667,10.95,,12.1916666666667,12.65,12.2916666666667,12.8291666666667,,13.8714285714286,14.2611111111111,14.0666666666667,14.9291666666667,15.0125,8.71666666666667
304,,11.9333333333333,12.4666666666667,11.9166666666667,12.4875,12.1791666666667,11.7166666666667,10.6333333333333,,11.9333333333333,12.4666666666667,11.9166666666667,12.61,,13.4416666666667,13.9421052631579,13.8181818181818,14.6875,14.7708333333333,8.6125
305,,11.7875,12.2625,11.5666666666667,12.1625,11.8625,11.4333333333333,10.4583333333333,,11.7875,12.2625,11.5666666666667,12.6083333333333,,13.2538461538462,13.7238095238095,13.6916666666667,14.4625,14.4958333333333,8.44166666666667
306,,11.6916666666667,12.125,11.175,11.7875,11.6041666666667,11.2,10.1333333333333,,11.6916666666667,12.125,11.175,12.6,,13.1307692307692,13.6466666666667,13.6041666666667,14.2541666666667,14.3041666666667,8.44166666666667
307,,11.6583333333333,11.95,10.7666666666667,11.4291666666667,11.4166666666667,11.025,9.77916666666667,,11.6583333333333,11.95,10.7666666666667,12.5458333333333,,13.0083333333333,13.4052631578947,13.4521739130435,14.175,14.4041666666667,8.53333333333333
308,,11.6166666666667,11.7541666666667,10.8,11.1833333333333,11.1916666666667,10.8833333333333,9.525,,11.6166666666667,11.7541666666667,10.8,12.4708333333333,12.6791666666667,12.9461538461538,13.31875,13.4041666666667,14.0666666666667,14.2875,8.49583333333334
309,,11.5083333333333,11.4916666666667,10.7916666666667,10.9458333333333,10.9333333333333,10.6958333333333,9.225,,11.5083333333333,11.4916666666667,10.7916666666667,12.4083333333333,12.5375,12.9444444444444,13.3058823529412,13.4583333333333,13.8208333333333,14.15,8.325
310,,11.3375,11.2083333333333,10.7333333333333,10.8041666666667,10.775,10.4833333333333,8.60833333333333,,11.3375,11.2083333333333,10.7333333333333,12.2875,12.5125,12.8416666666667,13.1769230769231,13.4416666666667,13.8458333333333,13.9916666666667,8.25
311,,11.075,10.9666666666667,10.8333333333333,10.7416666666667,10.65,10.3208333333333,8.0375,,11.075,10.9666666666667,10.8333333333333,12.2625,12.4791666666667,12.8454545454545,13.3333333333333,13.3041666666667,13.8333333333333,13.9583333333333,8.1125
312,,10.7625,10.8083333333333,10.8291666666667,10.6916666666667,10.5625,10.125,7.83333333333333,,10.7625,10.8083333333333,10.8291666666667,12.2,12.4,12.925,13.3285714285714,13.3708333333333,,13.7708333333333,8.05416666666667
313,,10.5916666666667,10.6958333333333,10.8625,10.6583333333333,10.4208333333333,9.97916666666667,7.575,,10.5916666666667,10.6958333333333,10.8625,12.1416666666667,12.3083333333333,12.85,13.178947368421,13.2416666666667,,13.6875,8.05416666666667
314,,10.6041666666667,10.5833333333333,10.9166666666667,10.6208333333333,10.3208333333333,9.89166666666667,7.25416666666667,,10.6041666666667,10.5833333333333,10.9166666666667,12.1791666666667,12.3541666666667,12.8,13.2631578947368,13.1333333333333,,13.4916666666667,8.07916666666667
315,,10.5041666666667,10.4125,10.8583333333333,10.5,10.15,9.75416666666666,7.17083333333334,,10.5041666666667,10.4125,10.8583333333333,12.1208333333333,12.4541666666667,12.8230769230769,13.0944444444444,13.0416666666667,,13.3166666666667,8.06666666666667
316,,10.3041666666667,10.15,10.7375,10.3708333333333,10.0125,9.61666666666666,7.06666666666667,,10.3041666666667,10.15,10.7375,12.1291666666667,12.3833333333333,12.6285714285714,13.02,12.9083333333333,,13.2708333333333,8.0875
317,,10.0333333333333,9.99583333333333,10.7,10.1958333333333,9.8875,9.50416666666667,6.9625,,10.0333333333333,9.99583333333333,10.7,12.0083333333333,12.2833333333333,12.5166666666667,12.9384615384615,12.8583333333333,,13.1083333333333,8.05416666666667
318,,9.85000000000001,9.9,10.675,10.075,9.76666666666666,9.35833333333333,6.925,,9.85000000000001,9.9,10.675,11.9916666666667,12.2,12.4571428571429,12.7333333333333,12.6375,,12.9291666666667,8.04583333333333
319,,9.85833333333334,9.95,10.6833333333333,9.97916666666667,9.66666666666666,8.92916666666667,6.875,,9.85833333333334,9.95,10.6833333333333,11.9875,12.1291666666667,12.35,12.7210526315789,12.5583333333333,,12.7583333333333,7.9125
320,,9.8625,10.0541666666667,10.5958333333333,9.84583333333334,9.54166666666667,8.67083333333333,6.87916666666667,,9.8625,10.0541666666667,10.5958333333333,11.9041666666667,12.0208333333333,12.3076923076923,12.6111111111111,12.4625,,12.5541666666667,8.0875
321,,9.9625,10.1583333333333,10.6541666666667,9.84166666666667,9.5125,8.47916666666667,6.9,,9.9625,10.1583333333333,10.6541666666667,11.8458333333333,12.0458333333333,12.2,12.452380952381,12.35,,12.3333333333333,7.92916666666667
322,,10.0666666666667,10.2666666666667,10.7625,9.78333333333333,9.45833333333333,8.19166666666666,6.95416666666667,,10.0666666666667,10.2666666666667,10.7625,11.8291666666667,11.9708333333333,12.0583333333333,12.3235294117647,12.2666666666667,,12.2208333333333,7.48333333333333
323,,10.2041666666667,10.3,10.85,9.70833333333333,9.4125,8.07083333333333,7.15,,10.2041666666667,10.3,10.85,11.8,11.9,11.9615384615385,12.27,12.1541666666667,,12.1666666666667,7.21666666666667
324,,10.2708333333333,10.2791666666667,10.7291666666667,9.63333333333333,9.31666666666667,7.80416666666667,7.19583333333333,,10.2708333333333,10.2791666666667,10.7291666666667,11.6666666666667,11.7791666666667,11.7769230769231,12.1315789473684,11.9083333333333,,11.6333333333333,7.27083333333333
325,,10.1,10.175,10.6125,9.52916666666667,9.15,7.83333333333334,7.2,,10.1,10.175,10.6125,11.4,11.525,11.6173913043478,11.9375,11.675,,11.7,7.325
326,,9.86666666666667,10.1,10.4583333333333,9.36363636363637,9.00833333333333,7.76363636363636,7.12083333333333,,9.86666666666667,10.1,10.4583333333333,11.1541666666667,11.2875,11.3583333333333,11.6916666666667,11.3458333333333,,11.5666666666667,7.425
327,,9.75416666666667,10.1,10.25,9.19166666666666,8.6875,7.54166666666667,7.12916666666666,,9.75416666666667,10.1,10.25,10.9166666666667,11.0416666666667,11.1541666666667,11.4458333333333,11.125,,11.35,7.30416666666667
328,,9.77916666666667,10.0666666666667,9.94583333333333,9.12083333333333,8.35833333333333,7.34166666666667,7.1625,,9.77916666666667,10.0666666666667,9.94583333333333,10.675,10.8416666666667,10.8208333333333,11.0958333333333,10.8375,,11.0333333333333,7.25
329,,9.775,9.97083333333333,9.6375,8.99583333333333,8.0875,7.32083333333334,7.225,,9.775,9.97083333333333,9.6375,10.4,10.5875,10.6625,10.9458333333333,10.6208333333333,,11.0133333333333,6.55416666666667
330,,9.5625,9.80416666666667,9.42083333333334,8.78333333333333,7.775,7.13333333333333,7.15833333333333,,9.5625,9.80416666666667,9.42083333333334,10.1625,10.4583333333333,10.4041666666667,10.6083333333333,10.5625,,10.7791666666667,6.2125
331,,9.19583333333333,9.54166666666667,9.02916666666667,8.4625,7.41666666666667,6.875,7.09166666666666,,9.19583333333333,9.54166666666667,9.02916666666667,9.8875,9.97916666666667,9.93333333333334,10.3291666666667,10.1666666666667,,10.7636363636364,6.42083333333333
332,,8.98333333333333,9.37083333333334,8.68333333333333,8.20416666666666,7.12916666666667,6.7,7.02916666666667,,8.98333333333333,9.37083333333334,8.68333333333333,9.38333333333333,9.625,9.7375,10.1166666666667,9.825,,10.56,6.23333333333333
333,,8.82916666666667,9.10416666666667,8.41666666666667,7.93333333333333,6.9375,6.45416666666667,6.95,,8.82916666666667,9.10416666666667,8.41666666666667,9.14166666666667,9.225,9.4875,9.7625,9.68333333333333,,10.4166666666667,6
334,,8.60833333333333,8.79583333333333,8.00833333333333,7.70416666666666,6.74166666666666,6.32083333333333,6.82916666666666,,8.60833333333333,8.79583333333333,8.00833333333333,8.67,8.89,9.15416666666666,9.47916666666667,9.54117647058823,,10.25,5.925
335,,8.325,8.54166666666667,7.54583333333333,7.45,6.525,6.16666666666667,6.52083333333333,,8.325,8.54166666666667,7.54583333333333,8.53333333333333,8.8,8.99166666666667,9.3625,9.40833333333333,,9.925,5.84166666666667
336,,8.19583333333333,8.27083333333333,7.14166666666666,7.2375,6.425,6,6.10416666666667,,8.19583333333333,8.27083333333333,7.14166666666666,8.47916666666667,8.6625,8.8875,9.27916666666667,9.3375,,9.92857142857143,5.8
337,,8.00416666666667,8,7.09583333333333,6.95833333333334,6.31666666666667,5.90833333333333,5.75833333333333,,8.00416666666667,8,7.09583333333333,8.3875,8.45833333333334,8.87916666666667,9.25416666666667,9.19583333333333,,9.80416666666667,5.65416666666667
338,,7.77916666666667,7.71666666666667,7.1625,6.65833333333333,6.2,5.87916666666667,5.62916666666667,,7.77916666666667,7.71666666666667,7.1625,8.24583333333333,8.39583333333334,8.86666666666667,9.22083333333333,9.18333333333333,,9.67083333333333,5.54583333333334
339,,7.6125,7.375,7.27083333333333,6.41666666666667,6.07083333333333,5.79166666666666,5.4625,,7.6125,7.375,7.27083333333333,8.19166666666666,8.4,8.82083333333334,9.08333333333333,9.12499999999999,,9.55416666666667,5.5625
340,,7.3375,7.2,7.20833333333333,6.17083333333333,5.925,5.7875,5.27083333333333,,7.3375,7.2,7.20833333333333,8.19166666666666,8.45,8.82083333333333,9.15833333333333,9.16666666666666,,9.37916666666667,5.48333333333333
341,,7.175,7.15416666666667,7.2,6.06666666666667,5.80833333333333,5.775,5.20416666666667,,7.175,7.15416666666667,7.2,8.3,8.55833333333333,8.84166666666667,9.13333333333333,9.1625,,9.28333333333334,5.43333333333333
342,,7.14166666666666,7.075,7.24166666666667,6.05,5.79166666666666,5.8,4.89583333333333,,7.14166666666666,7.075,7.24166666666667,8.45416666666667,8.60833333333333,8.87916666666667,9.175,9.02083333333333,,8.97916666666667,5.4375
343,,7.1,6.975,7.2125,6,5.73333333333333,5.84166666666667,4.57916666666666,,7.1,6.975,7.2125,8.4875,8.6,8.825,9.16666666666666,8.94583333333334,,8.74583333333333,4.94166666666667
344,,7.00833333333333,6.8625,7.12916666666666,5.92916666666667,5.70416666666667,5.89166666666667,4.4375,,7.00833333333333,6.8625,7.12916666666666,8.3875,8.5375,8.74583333333333,9.04166666666667,8.73333333333333,,8.625,4.925
345,,6.875,6.69583333333333,7.27916666666667,5.925,5.7,5.88333333333334,4.2,,6.875,6.69583333333333,7.27916666666667,8.3,8.40416666666667,9.09166666666666,8.84583333333334,8.60416666666666,,8.4875,4.9625
346,,6.73333333333333,6.6,7.43333333333333,5.925,5.7,5.88333333333334,4.29166666666667,,6.73333333333333,6.6,7.43333333333333,8.17916666666667,8.37083333333334,8.4125,8.63333333333333,8.3875,,8.325,4.98636363636364
347,,6.6,6.6,7.35416666666667,5.8875,5.61666666666667,5.85,4.375,,6.6,6.6,7.35416666666667,8.10833333333333,8.25416666666666,8.24999999999999,8.53333333333333,8.0875,,8.125,5.04166666666667
348,,6.50416666666667,6.6,7.29583333333333,5.77916666666667,5.575,5.77916666666667,4.43333333333334,,6.50416666666667,6.6,7.29583333333333,8.0375,8.12083333333333,8.15,8.40416666666667,7.86666666666666,,7.94166666666667,5.12916666666667
349,,6.49166666666667,6.62083333333333,7.19166666666667,5.73333333333333,5.58333333333333,5.59583333333333,4.425,,6.49166666666667,6.62083333333333,7.19166666666667,7.95416666666667,7.975,7.93333333333334,8.11666666666667,7.69166666666667,,7.64583333333333,5.2125
350,,6.45833333333333,6.6,7.09166666666666,5.65833333333333,5.55416666666667,5.44166666666667,4.48333333333333,,6.45833333333333,6.6,7.09166666666666,7.9,7.84,7.60833333333333,7.87083333333334,7.525,,7.67083333333333,4.94166666666667
351,,6.32083333333333,6.5625,6.92916666666667,5.49166666666667,5.52083333333333,5.18333333333333,4.59130434782608,,6.32083333333333,6.5625,6.92916666666667,,7.60416666666666,7.37916666666667,7.60416666666667,7.39583333333334,,7.725,4.94166666666667
352,,6.22916666666667,6.46666666666667,6.74583333333333,5.375,5.5125,4.82916666666667,4.55416666666667,,6.22916666666667,6.46666666666667,6.74583333333333,,7.46666666666667,7.175,7.4625,7.22916666666666,,7.7125,4.7875
353,,6.21666666666667,6.4,6.59166666666667,5.3,5.50416666666667,4.7,4.55,,6.21666666666667,6.4,6.59166666666667,,7.225,7.05416666666667,7.32916666666667,7.075,,7.55,4.70416666666667
354,,6.2625,6.4,6.55,5.375,5.52083333333333,4.6875,4.6,,6.2625,6.4,6.55,,7.04583333333333,6.85,7.20416666666666,6.92916666666667,,7.50833333333333,4.6625
355,,6.35416666666667,6.46666666666667,6.6,5.40833333333334,5.55833333333333,4.58333333333333,4.65833333333333,,6.35416666666667,6.46666666666667,6.6,,6.97083333333333,6.87916666666667,7.125,6.76666666666667,,7.24583333333333,4.87916666666667
356,,6.55,6.5,6.57083333333333,5.425,5.47916666666667,4.5125,4.77083333333333,,6.55,6.5,6.57083333333333,,6.875,6.75833333333333,7.05,6.78333333333334,,7.225,4.94166666666667
357,,6.575,6.5125,6.5625,5.4375,5.3625,4.4875,4.89166666666667,,6.575,6.5125,6.5625,,6.79583333333333,6.7,6.97916666666667,6.92916666666667,,6.97083333333333,4.87916666666667
358,,6.42916666666667,6.45833333333334,6.57083333333333,5.4125,5.22083333333333,4.4,4.69166666666667,,6.42916666666667,6.45833333333334,6.57083333333333,,6.7,6.64583333333333,6.84583333333333,7.02083333333333,,6.8375,4.7375
359,,6.31666666666667,6.35416666666667,6.60833333333333,5.41666666666667,5.12083333333333,4.4,4.44583333333334,,6.31666666666667,6.35416666666667,6.60833333333333,,6.63333333333333,6.58333333333333,6.93333333333333,6.98333333333333,,6.69583333333333,4.70833333333333
360,,6.27916666666666,6.2375,6.6125,5.46666666666667,4.95217391304348,4.39583333333333,4.31666666666667,,6.27916666666666,6.2375,6.6125,,6.50416666666667,6.51666666666667,6.97083333333333,6.77916666666667,,6.61666666666666,4.47916666666667
361,,6.19583333333333,6.1625,6.42916666666667,5.5,4.80416666666667,4.4,4.35416666666667,,6.19583333333333,6.1625,6.42916666666667,,6.40833333333334,6.6375,6.96666666666667,6.52916666666667,,6.6125,4.40416666666667
362,,6.1,6.1,6.14583333333333,5.4625,4.60416666666667,4.45833333333333,4.475,,6.1,6.1,6.14583333333333,6.31666666666666,6.27916666666666,6.6,6.83333333333333,6.41666666666667,,6.49166666666667,4.4375
363,,6,6.02083333333333,5.9375,5.35,4.45833333333333,4.5375,4.65,,6,6.02083333333333,5.9375,6.20416666666667,6.2,6.4625,6.65,6.17083333333333,,6.37083333333334,4.44166666666667
364,,6,6.05416666666666,5.80416666666667,5.1875,4.35833333333333,4.59166666666666,4.7,,6,6.05416666666666,5.80416666666667,6.13333333333333,6.29166666666667,6.26666666666666,6.49583333333333,6.025,,6.24166666666667,4.35416666666667
365,,6.04166666666666,6.00416666666667,5.8,5.10416666666666,4.30833333333333,4.60833333333333,4.7,,6.04166666666666,6.00416666666667,5.8,6.23652173913044,6.33782608695652,6.19375,6.33125,5.99375,,6.20625,4.25833333333333
Notes:
Daily Average Tailrace Temperature (C)
Generated 03 Jun 2020 11:49:08 PDT. DART Columbia Basin Conditions www.cbr.washington.edu/dart/query/basin_conditions.

"DART Data Citation. Columbia River DART, Columbia Basin Research, University of Washington. (2020). Columbia Basin Conditions. Available from http://www.cbr.washington.edu/dart/query/basin_conditions."
